<ImportExportXml version="9.2.23101.250" SolutionPackageVersion="9.2" languagecode="1033" generatedBy="CrmLive" xmlns:xsi="http://www.w3.org/2001/XMLSchema-instance">
  <SolutionManifest>
    <UniqueName>CoEDataGovernanceSolution</UniqueName>
    <LocalizedNames>
      <LocalizedName description="CoE - Data Governance Solution" languagecode="1033" />
    </LocalizedNames>
    <Descriptions>
      <Description description="Upgrade of CoE - Data Governance Solution" languagecode="1033" />
    </Descriptions>
    <Version>1.1.0.8</Version>
    <Managed>0</Managed>
    <Publisher>
      <UniqueName>VEH</UniqueName>
      <LocalizedNames>
        <LocalizedName description="VEH" languagecode="1033" />
      </LocalizedNames>
      <Descriptions />
      <EMailAddress xsi:nil="true"></EMailAddress>
      <SupportingWebsiteUrl xsi:nil="true"></SupportingWebsiteUrl>
      <CustomizationPrefix>veh</CustomizationPrefix>
      <CustomizationOptionValuePrefix>94857</CustomizationOptionValuePrefix>
      <Addresses>
        <Address>
          <AddressNumber>1</AddressNumber>
          <AddressTypeCode>1</AddressTypeCode>
          <City xsi:nil="true"></City>
          <County xsi:nil="true"></County>
          <Country xsi:nil="true"></Country>
          <Fax xsi:nil="true"></Fax>
          <FreightTermsCode xsi:nil="true"></FreightTermsCode>
          <ImportSequenceNumber xsi:nil="true"></ImportSequenceNumber>
          <Latitude xsi:nil="true"></Latitude>
          <Line1 xsi:nil="true"></Line1>
          <Line2 xsi:nil="true"></Line2>
          <Line3 xsi:nil="true"></Line3>
          <Longitude xsi:nil="true"></Longitude>
          <Name xsi:nil="true"></Name>
          <PostalCode xsi:nil="true"></PostalCode>
          <PostOfficeBox xsi:nil="true"></PostOfficeBox>
          <PrimaryContactName xsi:nil="true"></PrimaryContactName>
          <ShippingMethodCode>1</ShippingMethodCode>
          <StateOrProvince xsi:nil="true"></StateOrProvince>
          <Telephone1 xsi:nil="true"></Telephone1>
          <Telephone2 xsi:nil="true"></Telephone2>
          <Telephone3 xsi:nil="true"></Telephone3>
          <TimeZoneRuleVersionNumber xsi:nil="true"></TimeZoneRuleVersionNumber>
          <UPSZone xsi:nil="true"></UPSZone>
          <UTCOffset xsi:nil="true"></UTCOffset>
          <UTCConversionTimeZoneCode xsi:nil="true"></UTCConversionTimeZoneCode>
        </Address>
        <Address>
          <AddressNumber>2</AddressNumber>
          <AddressTypeCode>1</AddressTypeCode>
          <City xsi:nil="true"></City>
          <County xsi:nil="true"></County>
          <Country xsi:nil="true"></Country>
          <Fax xsi:nil="true"></Fax>
          <FreightTermsCode xsi:nil="true"></FreightTermsCode>
          <ImportSequenceNumber xsi:nil="true"></ImportSequenceNumber>
          <Latitude xsi:nil="true"></Latitude>
          <Line1 xsi:nil="true"></Line1>
          <Line2 xsi:nil="true"></Line2>
          <Line3 xsi:nil="true"></Line3>
          <Longitude xsi:nil="true"></Longitude>
          <Name xsi:nil="true"></Name>
          <PostalCode xsi:nil="true"></PostalCode>
          <PostOfficeBox xsi:nil="true"></PostOfficeBox>
          <PrimaryContactName xsi:nil="true"></PrimaryContactName>
          <ShippingMethodCode>1</ShippingMethodCode>
          <StateOrProvince xsi:nil="true"></StateOrProvince>
          <Telephone1 xsi:nil="true"></Telephone1>
          <Telephone2 xsi:nil="true"></Telephone2>
          <Telephone3 xsi:nil="true"></Telephone3>
          <TimeZoneRuleVersionNumber xsi:nil="true"></TimeZoneRuleVersionNumber>
          <UPSZone xsi:nil="true"></UPSZone>
          <UTCOffset xsi:nil="true"></UTCOffset>
          <UTCConversionTimeZoneCode xsi:nil="true"></UTCConversionTimeZoneCode>
        </Address>
      </Addresses>
    </Publisher>
    <RootComponents>
      <RootComponent type="1" schemaName="admin_app" behavior="1" />
      <RootComponent type="1" schemaName="admin_connectionreference" behavior="0" />
      <RootComponent type="1" schemaName="admin_environment" behavior="1" />
      <RootComponent type="1" schemaName="admin_flow" behavior="1" />
      <RootComponent type="1" schemaName="veh_datagovernancelogs" behavior="0" />
      <RootComponent type="1" schemaName="veh_onpremisesdatagateway" behavior="0" />
      <RootComponent type="20" id="{fd197c55-676c-ee11-8def-001dd80b67dc}" behavior="0" />
      <RootComponent type="29" id="{28bf6216-7c59-ee11-be6e-001dd801a654}" behavior="0" />
      <RootComponent type="29" id="{c79c36a9-1257-ee11-be6e-001dd8022163}" behavior="0" />
      <RootComponent type="61" schemaName="admin_ConnectorIcon" behavior="0" />
      <RootComponent type="62" schemaName="veh_DataGovernance" behavior="0" />
      <RootComponent type="80" schemaName="veh_DataGovernance" behavior="0" />
    </RootComponents>
    <MissingDependencies>
      <MissingDependency>
        <Required type="1" schemaName="admin_app" displayName="PowerApps App" solution="CenterofExcellenceCoreComponents (4.15)" />
        <Dependent type="1" schemaName="admin_app" displayName="PowerApps App" />
      </MissingDependency>
      <MissingDependency>
        <Required type="1" schemaName="admin_app" displayName="PowerApps App" solution="CenterofExcellenceCoreComponents (4.15)" />
        <Dependent type="10" schemaName="admin_rel_AppConnectionReferences" displayName="admin_rel_AppConnectionReferences" parentSchemaName="admin_connectionreference" parentDisplayName="CoE Connection Reference" />
      </MissingDependency>
      <MissingDependency>
        <Required type="1" schemaName="admin_app" displayName="PowerApps App" solution="CenterofExcellenceCoreComponents (4.15)" />
        <Dependent type="26" schemaName="Related Apps Lookup" displayName="Related Apps Lookup" parentSchemaName="admin_connectionreference" parentDisplayName="CoE Connection Reference" id="{3d7ef1e9-4853-ee11-be6e-001dd80abcd4}" />
      </MissingDependency>
      <MissingDependency>
        <Required type="1" schemaName="admin_app" displayName="PowerApps App" solution="CenterofExcellenceCoreComponents (4.15)" />
        <Dependent type="26" schemaName="Connection References with No Data Gateways" displayName="Connection References with No Data Gateways" parentSchemaName="admin_connectionreference" parentDisplayName="CoE Connection Reference" id="{a60e8f65-3662-ee11-be6e-001dd80ab48d}" />
      </MissingDependency>
      <MissingDependency>
        <Required type="1" schemaName="admin_app" displayName="PowerApps App" solution="CenterofExcellenceCoreComponents (4.15)" />
        <Dependent type="26" schemaName="Apps Shared Out With Data Gateways Connections" displayName="Apps Shared Out With Data Gateways Connections" parentSchemaName="admin_app" parentDisplayName="PowerApps App" id="{d0d1e59f-a05d-ee11-be6e-001dd801d097}" />
      </MissingDependency>
      <MissingDependency>
        <Required type="1" schemaName="admin_app" displayName="PowerApps App" solution="CenterofExcellenceCoreComponents (4.15)" />
        <Dependent type="26" schemaName="Connection References with Data Gateways" displayName="Connection References with Data Gateways" parentSchemaName="admin_connectionreference" parentDisplayName="CoE Connection Reference" id="{fe936a43-1653-ee11-be6e-001dd80b63ee}" />
      </MissingDependency>
      <MissingDependency>
        <Required type="1" schemaName="admin_app" displayName="PowerApps App" solution="CenterofExcellenceCoreComponents (4.15)" />
        <Dependent type="60" displayName="App with Data Gateway" parentDisplayName="PowerApps App" id="{716c5bcc-a15d-ee11-be6e-001dd801d097}" />
      </MissingDependency>
      <MissingDependency>
        <Required type="1" schemaName="admin_app" displayName="PowerApps App" solution="CenterofExcellenceCoreComponents (4.15)" />
        <Dependent type="62" schemaName="veh_DataGovernance" />
      </MissingDependency>
      <MissingDependency>
        <Required type="1" schemaName="admin_app" displayName="PowerApps App" solution="CenterofExcellenceCoreComponents (4.15)" />
        <Dependent type="80" schemaName="veh_DataGovernance" displayName="Data Governance App" />
      </MissingDependency>
      <MissingDependency>
        <Required type="1" schemaName="admin_appcatalogfeedback" displayName="App Catalog Feedback" solution="CenterofExcellenceCoreComponents (4.15)" />
        <Dependent type="60" displayName="App with Data Gateway" parentDisplayName="PowerApps App" id="{716c5bcc-a15d-ee11-be6e-001dd801d097}" />
      </MissingDependency>
      <MissingDependency>
        <Required type="1" schemaName="admin_auditlog" displayName="Audit Log" solution="CenterofExcellenceCoreComponents (4.15)" />
        <Dependent type="60" displayName="App with Data Gateway" parentDisplayName="PowerApps App" id="{716c5bcc-a15d-ee11-be6e-001dd801d097}" />
      </MissingDependency>
      <MissingDependency>
        <Required type="1" schemaName="admin_connectionreference" displayName="CoE Connection Reference" solution="CenterofExcellenceCoreComponents (4.15)" />
        <Dependent type="1" schemaName="admin_connectionreference" displayName="CoE Connection Reference" />
      </MissingDependency>
      <MissingDependency>
        <Required type="1" schemaName="admin_connector" displayName="PowerApps Connector" solution="CenterofExcellenceCoreComponents (4.15)" />
        <Dependent type="10" schemaName="admin_rel_ConnectorConnectionReferences" displayName="admin_rel_ConnectorConnectionReferences" parentSchemaName="admin_connectionreference" parentDisplayName="CoE Connection Reference" />
      </MissingDependency>
      <MissingDependency>
        <Required type="1" schemaName="admin_environment" displayName="Environment" solution="CenterofExcellenceCoreComponents (4.15)" />
        <Dependent type="1" schemaName="admin_environment" displayName="Environment" />
      </MissingDependency>
      <MissingDependency>
        <Required type="1" schemaName="admin_flow" displayName="Flow" solution="CenterofExcellenceCoreComponents (4.15)" />
        <Dependent type="1" schemaName="admin_flow" displayName="Flow" />
      </MissingDependency>
      <MissingDependency>
        <Required type="1" schemaName="admin_flow" displayName="Flow" solution="CenterofExcellenceCoreComponents (4.15)" />
        <Dependent type="10" schemaName="admin_rel_FlowConnectionReference" displayName="admin_rel_FlowConnectionReference" parentSchemaName="admin_connectionreference" parentDisplayName="CoE Connection Reference" />
      </MissingDependency>
      <MissingDependency>
        <Required type="1" schemaName="admin_flow" displayName="Flow" solution="CenterofExcellenceCoreComponents (4.15)" />
        <Dependent type="26" schemaName="Related Flows Lookup" displayName="Related Flows Lookup" parentSchemaName="admin_connectionreference" parentDisplayName="CoE Connection Reference" id="{1de16129-4953-ee11-be6e-001dd80b63ee}" />
      </MissingDependency>
      <MissingDependency>
        <Required type="1" schemaName="admin_flow" displayName="Flow" solution="CenterofExcellenceCoreComponents (4.15)" />
        <Dependent type="26" schemaName="Flows with Data Gateway Connections" displayName="Flows with Data Gateway Connections" parentSchemaName="admin_flow" parentDisplayName="Flow" id="{9d7af412-a45d-ee11-be6e-001dd801d097}" />
      </MissingDependency>
      <MissingDependency>
        <Required type="1" schemaName="admin_flow" displayName="Flow" solution="CenterofExcellenceCoreComponents (4.15)" />
        <Dependent type="26" schemaName="Connection References with No Data Gateways" displayName="Connection References with No Data Gateways" parentSchemaName="admin_connectionreference" parentDisplayName="CoE Connection Reference" id="{a60e8f65-3662-ee11-be6e-001dd80ab48d}" />
      </MissingDependency>
      <MissingDependency>
        <Required type="1" schemaName="admin_flow" displayName="Flow" solution="CenterofExcellenceCoreComponents (4.15)" />
        <Dependent type="26" schemaName="Connection References with Data Gateways" displayName="Connection References with Data Gateways" parentSchemaName="admin_connectionreference" parentDisplayName="CoE Connection Reference" id="{fe936a43-1653-ee11-be6e-001dd80b63ee}" />
      </MissingDependency>
      <MissingDependency>
        <Required type="1" schemaName="admin_flow" displayName="Flow" solution="CenterofExcellenceCoreComponents (4.15)" />
        <Dependent type="60" displayName="Flow with Data Gateway" parentDisplayName="Flow" id="{9f3be96b-a25d-ee11-be6e-001dd80135b4}" />
      </MissingDependency>
      <MissingDependency>
        <Required type="1" schemaName="admin_flow" displayName="Flow" solution="CenterofExcellenceCoreComponents (4.15)" />
        <Dependent type="62" schemaName="veh_DataGovernance" />
      </MissingDependency>
      <MissingDependency>
        <Required type="1" schemaName="admin_flow" displayName="Flow" solution="CenterofExcellenceCoreComponents (4.15)" />
        <Dependent type="80" schemaName="veh_DataGovernance" displayName="Data Governance App" />
      </MissingDependency>
      <MissingDependency>
        <Required type="1" schemaName="admin_flowactiondetail" displayName="Flow Action Detail" solution="CenterofExcellenceCoreComponents (4.15)" />
        <Dependent type="60" displayName="Flow with Data Gateway" parentDisplayName="Flow" id="{9f3be96b-a25d-ee11-be6e-001dd80135b4}" />
      </MissingDependency>
      <MissingDependency>
        <Required type="1" schemaName="admin_powerplatformuserrole" displayName="Power Platform User Role" solution="CenterofExcellenceCoreComponents (4.15)" />
        <Dependent type="60" displayName="App with Data Gateway" parentDisplayName="PowerApps App" id="{716c5bcc-a15d-ee11-be6e-001dd801d097}" />
      </MissingDependency>
      <MissingDependency>
        <Required type="10" schemaName="admin_App_AppOwner_admin_Maker" displayName="admin_App_AppOwner_admin_Maker" parentSchemaName="admin_app" parentDisplayName="PowerApps App" solution="CenterofExcellenceCoreComponents (4.15)" />
        <Dependent type="60" displayName="App with Data Gateway" parentDisplayName="PowerApps App" id="{716c5bcc-a15d-ee11-be6e-001dd801d097}" />
      </MissingDependency>
      <MissingDependency>
        <Required type="10" schemaName="admin_rel_AppEnvironment" displayName="admin_rel_AppEnvironment" parentSchemaName="admin_app" parentDisplayName="PowerApps App" solution="CenterofExcellenceCoreComponents (4.15)" />
        <Dependent type="60" displayName="App with Data Gateway" parentDisplayName="PowerApps App" id="{716c5bcc-a15d-ee11-be6e-001dd801d097}" />
      </MissingDependency>
      <MissingDependency>
        <Required type="10" schemaName="admin_AppCatalogFeedback_App_admin_App" displayName="admin_AppCatalogFeedback_App_admin_App" parentSchemaName="admin_appcatalogfeedback" parentDisplayName="App Catalog Feedback" solution="CenterofExcellenceCoreComponents (4.15)" />
        <Dependent type="60" displayName="App with Data Gateway" parentDisplayName="PowerApps App" id="{716c5bcc-a15d-ee11-be6e-001dd801d097}" />
      </MissingDependency>
      <MissingDependency>
        <Required type="10" schemaName="admin_AuditLog_AppLookup_admin_App" displayName="admin_AuditLog_AppLookup_admin_App" parentSchemaName="admin_auditlog" parentDisplayName="Audit Log" solution="CenterofExcellenceCoreComponents (4.15)" />
        <Dependent type="60" displayName="App with Data Gateway" parentDisplayName="PowerApps App" id="{716c5bcc-a15d-ee11-be6e-001dd801d097}" />
      </MissingDependency>
      <MissingDependency>
        <Required type="10" schemaName="admin_rel_AppConnectionReferences" displayName="admin_rel_AppConnectionReferences" parentSchemaName="admin_connectionreference" parentDisplayName="CoE Connection Reference" solution="CenterofExcellenceCoreComponents (4.15)" />
        <Dependent type="10" schemaName="admin_rel_AppConnectionReferences" displayName="admin_rel_AppConnectionReferences" parentSchemaName="admin_connectionreference" parentDisplayName="CoE Connection Reference" />
      </MissingDependency>
      <MissingDependency>
        <Required type="10" schemaName="admin_rel_AppConnectionReferences" displayName="admin_rel_AppConnectionReferences" parentSchemaName="admin_connectionreference" parentDisplayName="CoE Connection Reference" solution="CenterofExcellenceCoreComponents (4.15)" />
        <Dependent type="60" displayName="App with Data Gateway" parentDisplayName="PowerApps App" id="{716c5bcc-a15d-ee11-be6e-001dd801d097}" />
      </MissingDependency>
      <MissingDependency>
        <Required type="10" schemaName="admin_rel_AppConnectionReferences" displayName="admin_rel_AppConnectionReferences" parentSchemaName="admin_connectionreference" parentDisplayName="CoE Connection Reference" solution="CenterofExcellenceCoreComponents (4.15)" />
        <Dependent type="60" displayName="Data Governance" parentDisplayName="CoE Connection Reference" id="{cac7cea2-1653-ee11-be6e-001dd80ab50e}" />
      </MissingDependency>
      <MissingDependency>
        <Required type="10" schemaName="admin_rel_ConnectorConnectionReferences" displayName="admin_rel_ConnectorConnectionReferences" parentSchemaName="admin_connectionreference" parentDisplayName="CoE Connection Reference" solution="CenterofExcellenceCoreComponents (4.15)" />
        <Dependent type="10" schemaName="admin_rel_ConnectorConnectionReferences" displayName="admin_rel_ConnectorConnectionReferences" parentSchemaName="admin_connectionreference" parentDisplayName="CoE Connection Reference" />
      </MissingDependency>
      <MissingDependency>
        <Required type="10" schemaName="admin_rel_ConnectorConnectionReferences" displayName="admin_rel_ConnectorConnectionReferences" parentSchemaName="admin_connectionreference" parentDisplayName="CoE Connection Reference" solution="CenterofExcellenceCoreComponents (4.15)" />
        <Dependent type="60" displayName="Data Governance" parentDisplayName="CoE Connection Reference" id="{cac7cea2-1653-ee11-be6e-001dd80ab50e}" />
      </MissingDependency>
      <MissingDependency>
        <Required type="10" schemaName="admin_rel_FlowConnectionReference" displayName="admin_rel_FlowConnectionReference" parentSchemaName="admin_connectionreference" parentDisplayName="CoE Connection Reference" solution="CenterofExcellenceCoreComponents (4.15)" />
        <Dependent type="10" schemaName="admin_rel_FlowConnectionReference" displayName="admin_rel_FlowConnectionReference" parentSchemaName="admin_connectionreference" parentDisplayName="CoE Connection Reference" />
      </MissingDependency>
      <MissingDependency>
        <Required type="10" schemaName="admin_rel_FlowConnectionReference" displayName="admin_rel_FlowConnectionReference" parentSchemaName="admin_connectionreference" parentDisplayName="CoE Connection Reference" solution="CenterofExcellenceCoreComponents (4.15)" />
        <Dependent type="60" displayName="Flow with Data Gateway" parentDisplayName="Flow" id="{9f3be96b-a25d-ee11-be6e-001dd80135b4}" />
      </MissingDependency>
      <MissingDependency>
        <Required type="10" schemaName="admin_rel_FlowConnectionReference" displayName="admin_rel_FlowConnectionReference" parentSchemaName="admin_connectionreference" parentDisplayName="CoE Connection Reference" solution="CenterofExcellenceCoreComponents (4.15)" />
        <Dependent type="60" displayName="Data Governance" parentDisplayName="CoE Connection Reference" id="{cac7cea2-1653-ee11-be6e-001dd80ab50e}" />
      </MissingDependency>
      <MissingDependency>
        <Required type="10" schemaName="admin_Flow_DerivedOwner_admin_Maker" displayName="admin_Flow_DerivedOwner_admin_Maker" parentSchemaName="admin_flow" parentDisplayName="Flow" solution="CenterofExcellenceCoreComponents (4.15)" />
        <Dependent type="60" displayName="Flow with Data Gateway" parentDisplayName="Flow" id="{9f3be96b-a25d-ee11-be6e-001dd80135b4}" />
      </MissingDependency>
      <MissingDependency>
        <Required type="10" schemaName="admin_Flow_FlowCreator_admin_Maker" displayName="admin_Flow_FlowCreator_admin_Maker" parentSchemaName="admin_flow" parentDisplayName="Flow" solution="CenterofExcellenceCoreComponents (4.15)" />
        <Dependent type="60" displayName="Flow with Data Gateway" parentDisplayName="Flow" id="{9f3be96b-a25d-ee11-be6e-001dd80135b4}" />
      </MissingDependency>
      <MissingDependency>
        <Required type="10" schemaName="admin_Flow_FlowEnvironment_admin_Environm" displayName="admin_Flow_FlowEnvironment_admin_Environm" parentSchemaName="admin_flow" parentDisplayName="Flow" solution="CenterofExcellenceCoreComponents (4.15)" />
        <Dependent type="60" displayName="Flow with Data Gateway" parentDisplayName="Flow" id="{9f3be96b-a25d-ee11-be6e-001dd80135b4}" />
      </MissingDependency>
      <MissingDependency>
        <Required type="10" schemaName="admin_FlowActionDetail_admin_Flow_admin_F" displayName="admin_FlowActionDetail_admin_Flow_admin_F" parentSchemaName="admin_flowactiondetail" parentDisplayName="Flow Action Detail" solution="CenterofExcellenceCoreComponents (4.15)" />
        <Dependent type="60" displayName="Flow with Data Gateway" parentDisplayName="Flow" id="{9f3be96b-a25d-ee11-be6e-001dd80135b4}" />
      </MissingDependency>
      <MissingDependency>
        <Required type="10" schemaName="admin_PowerPlatformUserRole_App_admin_App" displayName="admin_PowerPlatformUserRole_App_admin_App" parentSchemaName="admin_powerplatformuserrole" parentDisplayName="Power Platform User Role" solution="CenterofExcellenceCoreComponents (4.15)" />
        <Dependent type="60" displayName="App with Data Gateway" parentDisplayName="PowerApps App" id="{716c5bcc-a15d-ee11-be6e-001dd801d097}" />
      </MissingDependency>
      <MissingDependency>
        <Required type="2" schemaName="admin_adminrequirementrepublishstate" displayName="Admin Requirement - Republish State" parentSchemaName="admin_app" parentDisplayName="PowerApps App" solution="CenterofExcellenceCoreComponents (4.15)" />
        <Dependent type="60" displayName="App with Data Gateway" parentDisplayName="PowerApps App" id="{716c5bcc-a15d-ee11-be6e-001dd801d097}" />
      </MissingDependency>
      <MissingDependency>
        <Required type="2" schemaName="admin_adminrequirementriskassessmentstate" displayName="Admin Requirement - Risk Assessment State" parentSchemaName="admin_app" parentDisplayName="PowerApps App" solution="CenterofExcellenceCoreComponents (4.15)" />
        <Dependent type="60" displayName="App with Data Gateway" parentDisplayName="PowerApps App" id="{716c5bcc-a15d-ee11-be6e-001dd801d097}" />
      </MissingDependency>
      <MissingDependency>
        <Required type="2" schemaName="admin_appcreatedon" displayName="App Created On" parentSchemaName="admin_app" parentDisplayName="PowerApps App" solution="CenterofExcellenceCoreComponents (4.15)" />
        <Dependent type="60" displayName="App with Data Gateway" parentDisplayName="PowerApps App" id="{716c5bcc-a15d-ee11-be6e-001dd801d097}" />
      </MissingDependency>
      <MissingDependency>
        <Required type="2" schemaName="admin_appdeleted" displayName="App Deleted" parentSchemaName="admin_app" parentDisplayName="PowerApps App" solution="CenterofExcellenceCoreComponents (4.15)" />
        <Dependent type="60" displayName="App with Data Gateway" parentDisplayName="PowerApps App" id="{716c5bcc-a15d-ee11-be6e-001dd801d097}" />
      </MissingDependency>
      <MissingDependency>
        <Required type="2" schemaName="admin_appdeletedon" displayName="App Deleted On" parentSchemaName="admin_app" parentDisplayName="PowerApps App" solution="CenterofExcellenceCoreComponents (4.15)" />
        <Dependent type="60" displayName="App with Data Gateway" parentDisplayName="PowerApps App" id="{716c5bcc-a15d-ee11-be6e-001dd801d097}" />
      </MissingDependency>
      <MissingDependency>
        <Required type="2" schemaName="admin_appdescription" displayName="App Description" parentSchemaName="admin_app" parentDisplayName="PowerApps App" solution="CenterofExcellenceCoreComponents (4.15)" />
        <Dependent type="60" displayName="App with Data Gateway" parentDisplayName="PowerApps App" id="{716c5bcc-a15d-ee11-be6e-001dd801d097}" />
      </MissingDependency>
      <MissingDependency>
        <Required type="2" schemaName="admin_appenvironment" displayName="App Environment" parentSchemaName="admin_app" parentDisplayName="PowerApps App" solution="CenterofExcellenceCoreComponents (4.15)" />
        <Dependent type="26" schemaName="Apps Shared Out With Data Gateways Connections" displayName="Apps Shared Out With Data Gateways Connections" parentSchemaName="admin_app" parentDisplayName="PowerApps App" id="{d0d1e59f-a05d-ee11-be6e-001dd801d097}" />
      </MissingDependency>
      <MissingDependency>
        <Required type="2" schemaName="admin_appenvironment" displayName="App Environment" parentSchemaName="admin_app" parentDisplayName="PowerApps App" solution="CenterofExcellenceCoreComponents (4.15)" />
        <Dependent type="60" displayName="App with Data Gateway" parentDisplayName="PowerApps App" id="{716c5bcc-a15d-ee11-be6e-001dd801d097}" />
      </MissingDependency>
      <MissingDependency>
        <Required type="2" schemaName="admin_appenvironmentdisplayname" displayName="App Environment Display Name" parentSchemaName="admin_app" parentDisplayName="PowerApps App" solution="CenterofExcellenceCoreComponents (4.15)" />
        <Dependent type="26" schemaName="Connection References with No Data Gateways" displayName="Connection References with No Data Gateways" parentSchemaName="admin_connectionreference" parentDisplayName="CoE Connection Reference" id="{a60e8f65-3662-ee11-be6e-001dd80ab48d}" />
      </MissingDependency>
      <MissingDependency>
        <Required type="2" schemaName="admin_appenvironmentdisplayname" displayName="App Environment Display Name" parentSchemaName="admin_app" parentDisplayName="PowerApps App" solution="CenterofExcellenceCoreComponents (4.15)" />
        <Dependent type="26" schemaName="Connection References with Data Gateways" displayName="Connection References with Data Gateways" parentSchemaName="admin_connectionreference" parentDisplayName="CoE Connection Reference" id="{fe936a43-1653-ee11-be6e-001dd80b63ee}" />
      </MissingDependency>
      <MissingDependency>
        <Required type="2" schemaName="admin_appexcusedfromarchival" displayName="App Excused From Archival" parentSchemaName="admin_app" parentDisplayName="PowerApps App" solution="CenterofExcellenceCoreComponents (4.15)" />
        <Dependent type="60" displayName="App with Data Gateway" parentDisplayName="PowerApps App" id="{716c5bcc-a15d-ee11-be6e-001dd801d097}" />
      </MissingDependency>
      <MissingDependency>
        <Required type="2" schemaName="admin_appexcusedfromcompliance" displayName="App Excused From Compliance" parentSchemaName="admin_app" parentDisplayName="PowerApps App" solution="CenterofExcellenceCoreComponents (4.15)" />
        <Dependent type="60" displayName="App with Data Gateway" parentDisplayName="PowerApps App" id="{716c5bcc-a15d-ee11-be6e-001dd801d097}" />
      </MissingDependency>
      <MissingDependency>
        <Required type="2" schemaName="admin_appid" displayName="App" parentSchemaName="admin_app" parentDisplayName="PowerApps App" solution="CenterofExcellenceCoreComponents (4.15)" />
        <Dependent type="10" schemaName="admin_rel_AppConnectionReferences" displayName="admin_rel_AppConnectionReferences" parentSchemaName="admin_connectionreference" parentDisplayName="CoE Connection Reference" />
      </MissingDependency>
      <MissingDependency>
        <Required type="2" schemaName="admin_appid" displayName="App" parentSchemaName="admin_app" parentDisplayName="PowerApps App" solution="CenterofExcellenceCoreComponents (4.15)" />
        <Dependent type="26" schemaName="Related Apps Lookup" displayName="Related Apps Lookup" parentSchemaName="admin_connectionreference" parentDisplayName="CoE Connection Reference" id="{3d7ef1e9-4853-ee11-be6e-001dd80abcd4}" />
      </MissingDependency>
      <MissingDependency>
        <Required type="2" schemaName="admin_appid" displayName="App" parentSchemaName="admin_app" parentDisplayName="PowerApps App" solution="CenterofExcellenceCoreComponents (4.15)" />
        <Dependent type="26" schemaName="Connection References with No Data Gateways" displayName="Connection References with No Data Gateways" parentSchemaName="admin_connectionreference" parentDisplayName="CoE Connection Reference" id="{a60e8f65-3662-ee11-be6e-001dd80ab48d}" />
      </MissingDependency>
      <MissingDependency>
        <Required type="2" schemaName="admin_appid" displayName="App" parentSchemaName="admin_app" parentDisplayName="PowerApps App" solution="CenterofExcellenceCoreComponents (4.15)" />
        <Dependent type="26" schemaName="Apps Shared Out With Data Gateways Connections" displayName="Apps Shared Out With Data Gateways Connections" parentSchemaName="admin_app" parentDisplayName="PowerApps App" id="{d0d1e59f-a05d-ee11-be6e-001dd801d097}" />
      </MissingDependency>
      <MissingDependency>
        <Required type="2" schemaName="admin_appid" displayName="App" parentSchemaName="admin_app" parentDisplayName="PowerApps App" solution="CenterofExcellenceCoreComponents (4.15)" />
        <Dependent type="26" schemaName="Connection References with Data Gateways" displayName="Connection References with Data Gateways" parentSchemaName="admin_connectionreference" parentDisplayName="CoE Connection Reference" id="{fe936a43-1653-ee11-be6e-001dd80b63ee}" />
      </MissingDependency>
      <MissingDependency>
        <Required type="2" schemaName="admin_appidstring" displayName="AppIDString" parentSchemaName="admin_app" parentDisplayName="PowerApps App" solution="CenterofExcellenceCoreComponents (4.15)" />
        <Dependent type="60" displayName="App with Data Gateway" parentDisplayName="PowerApps App" id="{716c5bcc-a15d-ee11-be6e-001dd801d097}" />
      </MissingDependency>
      <MissingDependency>
        <Required type="2" schemaName="admin_applastlaunchedon" displayName="App Last Launched On" parentSchemaName="admin_app" parentDisplayName="PowerApps App" solution="CenterofExcellenceCoreComponents (4.15)" />
        <Dependent type="60" displayName="App with Data Gateway" parentDisplayName="PowerApps App" id="{716c5bcc-a15d-ee11-be6e-001dd801d097}" />
      </MissingDependency>
      <MissingDependency>
        <Required type="2" schemaName="admin_appmodifiedon" displayName="App Modified On" parentSchemaName="admin_app" parentDisplayName="PowerApps App" solution="CenterofExcellenceCoreComponents (4.15)" />
        <Dependent type="60" displayName="App with Data Gateway" parentDisplayName="PowerApps App" id="{716c5bcc-a15d-ee11-be6e-001dd801d097}" />
      </MissingDependency>
      <MissingDependency>
        <Required type="2" schemaName="admin_appowner" displayName="App Owner" parentSchemaName="admin_app" parentDisplayName="PowerApps App" solution="CenterofExcellenceCoreComponents (4.15)" />
        <Dependent type="26" schemaName="Related Apps Lookup" displayName="Related Apps Lookup" parentSchemaName="admin_connectionreference" parentDisplayName="CoE Connection Reference" id="{3d7ef1e9-4853-ee11-be6e-001dd80abcd4}" />
      </MissingDependency>
      <MissingDependency>
        <Required type="2" schemaName="admin_appowner" displayName="App Owner" parentSchemaName="admin_app" parentDisplayName="PowerApps App" solution="CenterofExcellenceCoreComponents (4.15)" />
        <Dependent type="26" schemaName="Apps Shared Out With Data Gateways Connections" displayName="Apps Shared Out With Data Gateways Connections" parentSchemaName="admin_app" parentDisplayName="PowerApps App" id="{d0d1e59f-a05d-ee11-be6e-001dd801d097}" />
      </MissingDependency>
      <MissingDependency>
        <Required type="2" schemaName="admin_appowner" displayName="App Owner" parentSchemaName="admin_app" parentDisplayName="PowerApps App" solution="CenterofExcellenceCoreComponents (4.15)" />
        <Dependent type="60" displayName="App with Data Gateway" parentDisplayName="PowerApps App" id="{716c5bcc-a15d-ee11-be6e-001dd801d097}" />
      </MissingDependency>
      <MissingDependency>
        <Required type="2" schemaName="admin_appplanclassification" displayName="App Plan Classification" parentSchemaName="admin_app" parentDisplayName="PowerApps App" solution="CenterofExcellenceCoreComponents (4.15)" />
        <Dependent type="60" displayName="App with Data Gateway" parentDisplayName="PowerApps App" id="{716c5bcc-a15d-ee11-be6e-001dd801d097}" />
      </MissingDependency>
      <MissingDependency>
        <Required type="2" schemaName="admin_apppublished" displayName="App Published" parentSchemaName="admin_app" parentDisplayName="PowerApps App" solution="CenterofExcellenceCoreComponents (4.15)" />
        <Dependent type="60" displayName="App with Data Gateway" parentDisplayName="PowerApps App" id="{716c5bcc-a15d-ee11-be6e-001dd801d097}" />
      </MissingDependency>
      <MissingDependency>
        <Required type="2" schemaName="admin_appsharedgroups" displayName="App Shared Groups" parentSchemaName="admin_app" parentDisplayName="PowerApps App" solution="CenterofExcellenceCoreComponents (4.15)" />
        <Dependent type="26" schemaName="Apps Shared Out With Data Gateways Connections" displayName="Apps Shared Out With Data Gateways Connections" parentSchemaName="admin_app" parentDisplayName="PowerApps App" id="{d0d1e59f-a05d-ee11-be6e-001dd801d097}" />
      </MissingDependency>
      <MissingDependency>
        <Required type="2" schemaName="admin_appsharedgroups" displayName="App Shared Groups" parentSchemaName="admin_app" parentDisplayName="PowerApps App" solution="CenterofExcellenceCoreComponents (4.15)" />
        <Dependent type="60" displayName="App with Data Gateway" parentDisplayName="PowerApps App" id="{716c5bcc-a15d-ee11-be6e-001dd801d097}" />
      </MissingDependency>
      <MissingDependency>
        <Required type="2" schemaName="admin_appsharedusers" displayName="App Shared Users" parentSchemaName="admin_app" parentDisplayName="PowerApps App" solution="CenterofExcellenceCoreComponents (4.15)" />
        <Dependent type="26" schemaName="Apps Shared Out With Data Gateways Connections" displayName="Apps Shared Out With Data Gateways Connections" parentSchemaName="admin_app" parentDisplayName="PowerApps App" id="{d0d1e59f-a05d-ee11-be6e-001dd801d097}" />
      </MissingDependency>
      <MissingDependency>
        <Required type="2" schemaName="admin_appsharedusers" displayName="App Shared Users" parentSchemaName="admin_app" parentDisplayName="PowerApps App" solution="CenterofExcellenceCoreComponents (4.15)" />
        <Dependent type="60" displayName="App with Data Gateway" parentDisplayName="PowerApps App" id="{716c5bcc-a15d-ee11-be6e-001dd801d097}" />
      </MissingDependency>
      <MissingDependency>
        <Required type="2" schemaName="admin_appsharedwithtenant" displayName="App Shared with Tenant" parentSchemaName="admin_app" parentDisplayName="PowerApps App" solution="CenterofExcellenceCoreComponents (4.15)" />
        <Dependent type="26" schemaName="Apps Shared Out With Data Gateways Connections" displayName="Apps Shared Out With Data Gateways Connections" parentSchemaName="admin_app" parentDisplayName="PowerApps App" id="{d0d1e59f-a05d-ee11-be6e-001dd801d097}" />
      </MissingDependency>
      <MissingDependency>
        <Required type="2" schemaName="admin_appsharedwithtenant" displayName="App Shared with Tenant" parentSchemaName="admin_app" parentDisplayName="PowerApps App" solution="CenterofExcellenceCoreComponents (4.15)" />
        <Dependent type="60" displayName="App with Data Gateway" parentDisplayName="PowerApps App" id="{716c5bcc-a15d-ee11-be6e-001dd801d097}" />
      </MissingDependency>
      <MissingDependency>
        <Required type="2" schemaName="admin_appstate" displayName="App State" parentSchemaName="admin_app" parentDisplayName="PowerApps App" solution="CenterofExcellenceCoreComponents (4.15)" />
        <Dependent type="60" displayName="App with Data Gateway" parentDisplayName="PowerApps App" id="{716c5bcc-a15d-ee11-be6e-001dd801d097}" />
      </MissingDependency>
      <MissingDependency>
        <Required type="2" schemaName="admin_category" displayName="Category" parentSchemaName="admin_app" parentDisplayName="PowerApps App" solution="CenterofExcellenceCoreComponents (4.15)" />
        <Dependent type="60" displayName="App with Data Gateway" parentDisplayName="PowerApps App" id="{716c5bcc-a15d-ee11-be6e-001dd801d097}" />
      </MissingDependency>
      <MissingDependency>
        <Required type="2" schemaName="admin_displayname" displayName="App Display Name" parentSchemaName="admin_app" parentDisplayName="PowerApps App" solution="CenterofExcellenceCoreComponents (4.15)" />
        <Dependent type="10" schemaName="admin_rel_AppConnectionReferences" displayName="admin_rel_AppConnectionReferences" parentSchemaName="admin_connectionreference" parentDisplayName="CoE Connection Reference" />
      </MissingDependency>
      <MissingDependency>
        <Required type="2" schemaName="admin_displayname" displayName="App Display Name" parentSchemaName="admin_app" parentDisplayName="PowerApps App" solution="CenterofExcellenceCoreComponents (4.15)" />
        <Dependent type="26" schemaName="Apps Shared Out With Data Gateways Connections" displayName="Apps Shared Out With Data Gateways Connections" parentSchemaName="admin_app" parentDisplayName="PowerApps App" id="{d0d1e59f-a05d-ee11-be6e-001dd801d097}" />
      </MissingDependency>
      <MissingDependency>
        <Required type="2" schemaName="admin_displayname" displayName="App Display Name" parentSchemaName="admin_app" parentDisplayName="PowerApps App" solution="CenterofExcellenceCoreComponents (4.15)" />
        <Dependent type="60" displayName="App with Data Gateway" parentDisplayName="PowerApps App" id="{716c5bcc-a15d-ee11-be6e-001dd801d097}" />
      </MissingDependency>
      <MissingDependency>
        <Required type="2" schemaName="admin_dlpevaluationstatus" displayName="DLP Evaluation Status" parentSchemaName="admin_app" parentDisplayName="PowerApps App" solution="CenterofExcellenceCoreComponents (4.15)" />
        <Dependent type="60" displayName="App with Data Gateway" parentDisplayName="PowerApps App" id="{716c5bcc-a15d-ee11-be6e-001dd801d097}" />
      </MissingDependency>
      <MissingDependency>
        <Required type="2" schemaName="admin_dlplastevaluationdate" displayName="DLP Last Evaluation Date" parentSchemaName="admin_app" parentDisplayName="PowerApps App" solution="CenterofExcellenceCoreComponents (4.15)" />
        <Dependent type="60" displayName="App with Data Gateway" parentDisplayName="PowerApps App" id="{716c5bcc-a15d-ee11-be6e-001dd801d097}" />
      </MissingDependency>
      <MissingDependency>
        <Required type="2" schemaName="admin_dlppoliciesviolated" displayName="DLP Policies Violated" parentSchemaName="admin_app" parentDisplayName="PowerApps App" solution="CenterofExcellenceCoreComponents (4.15)" />
        <Dependent type="60" displayName="App with Data Gateway" parentDisplayName="PowerApps App" id="{716c5bcc-a15d-ee11-be6e-001dd801d097}" />
      </MissingDependency>
      <MissingDependency>
        <Required type="2" schemaName="admin_dlpviolationdetails" displayName="DLP Violation Details Error Message" parentSchemaName="admin_app" parentDisplayName="PowerApps App" solution="CenterofExcellenceCoreComponents (4.15)" />
        <Dependent type="60" displayName="App with Data Gateway" parentDisplayName="PowerApps App" id="{716c5bcc-a15d-ee11-be6e-001dd801d097}" />
      </MissingDependency>
      <MissingDependency>
        <Required type="2" schemaName="admin_inappcatalog" displayName="In App Catalog" parentSchemaName="admin_app" parentDisplayName="PowerApps App" solution="CenterofExcellenceCoreComponents (4.15)" />
        <Dependent type="60" displayName="App with Data Gateway" parentDisplayName="PowerApps App" id="{716c5bcc-a15d-ee11-be6e-001dd801d097}" />
      </MissingDependency>
      <MissingDependency>
        <Required type="2" schemaName="admin_inappcatalogfeatured" displayName="In App Catalog Featured" parentSchemaName="admin_app" parentDisplayName="PowerApps App" solution="CenterofExcellenceCoreComponents (4.15)" />
        <Dependent type="60" displayName="App with Data Gateway" parentDisplayName="PowerApps App" id="{716c5bcc-a15d-ee11-be6e-001dd801d097}" />
      </MissingDependency>
      <MissingDependency>
        <Required type="2" schemaName="admin_inventoryme" displayName="InventoryMe" parentSchemaName="admin_app" parentDisplayName="PowerApps App" solution="CenterofExcellenceCoreComponents (4.15)" />
        <Dependent type="60" displayName="App with Data Gateway" parentDisplayName="PowerApps App" id="{716c5bcc-a15d-ee11-be6e-001dd801d097}" />
      </MissingDependency>
      <MissingDependency>
        <Required type="2" schemaName="admin_minroi" displayName="Min ROI" parentSchemaName="admin_app" parentDisplayName="PowerApps App" solution="CenterofExcellenceCoreComponents (4.15)" />
        <Dependent type="60" displayName="App with Data Gateway" parentDisplayName="PowerApps App" id="{716c5bcc-a15d-ee11-be6e-001dd801d097}" />
      </MissingDependency>
      <MissingDependency>
        <Required type="2" schemaName="admin_powerappstype" displayName="App Type" parentSchemaName="admin_app" parentDisplayName="PowerApps App" solution="CenterofExcellenceCoreComponents (4.15)" />
        <Dependent type="26" schemaName="Apps Shared Out With Data Gateways Connections" displayName="Apps Shared Out With Data Gateways Connections" parentSchemaName="admin_app" parentDisplayName="PowerApps App" id="{d0d1e59f-a05d-ee11-be6e-001dd801d097}" />
      </MissingDependency>
      <MissingDependency>
        <Required type="2" schemaName="admin_powerappstype" displayName="App Type" parentSchemaName="admin_app" parentDisplayName="PowerApps App" solution="CenterofExcellenceCoreComponents (4.15)" />
        <Dependent type="60" displayName="App with Data Gateway" parentDisplayName="PowerApps App" id="{716c5bcc-a15d-ee11-be6e-001dd801d097}" />
      </MissingDependency>
      <MissingDependency>
        <Required type="2" schemaName="admin_quarantineapp" displayName="Quarantine App" parentSchemaName="admin_app" parentDisplayName="PowerApps App" solution="CenterofExcellenceCoreComponents (4.15)" />
        <Dependent type="60" displayName="App with Data Gateway" parentDisplayName="PowerApps App" id="{716c5bcc-a15d-ee11-be6e-001dd801d097}" />
      </MissingDependency>
      <MissingDependency>
        <Required type="2" schemaName="admin_quarantineappdate" displayName="Quarantine App Date" parentSchemaName="admin_app" parentDisplayName="PowerApps App" solution="CenterofExcellenceCoreComponents (4.15)" />
        <Dependent type="60" displayName="App with Data Gateway" parentDisplayName="PowerApps App" id="{716c5bcc-a15d-ee11-be6e-001dd801d097}" />
      </MissingDependency>
      <MissingDependency>
        <Required type="2" schemaName="admin_requirement_1" displayName="Maker Requirement - Business Justification" parentSchemaName="admin_app" parentDisplayName="PowerApps App" solution="CenterofExcellenceCoreComponents (4.15)" />
        <Dependent type="60" displayName="App with Data Gateway" parentDisplayName="PowerApps App" id="{716c5bcc-a15d-ee11-be6e-001dd801d097}" />
      </MissingDependency>
      <MissingDependency>
        <Required type="2" schemaName="admin_requirement_2" displayName="Maker Requirement - Access Management" parentSchemaName="admin_app" parentDisplayName="PowerApps App" solution="CenterofExcellenceCoreComponents (4.15)" />
        <Dependent type="60" displayName="App with Data Gateway" parentDisplayName="PowerApps App" id="{716c5bcc-a15d-ee11-be6e-001dd801d097}" />
      </MissingDependency>
      <MissingDependency>
        <Required type="2" schemaName="admin_requirement_3" displayName="Maker Requirement - Dependencies" parentSchemaName="admin_app" parentDisplayName="PowerApps App" solution="CenterofExcellenceCoreComponents (4.15)" />
        <Dependent type="60" displayName="App with Data Gateway" parentDisplayName="PowerApps App" id="{716c5bcc-a15d-ee11-be6e-001dd801d097}" />
      </MissingDependency>
      <MissingDependency>
        <Required type="2" schemaName="admin_requirement_4" displayName="Maker Requirement - Business Impact" parentSchemaName="admin_app" parentDisplayName="PowerApps App" solution="CenterofExcellenceCoreComponents (4.15)" />
        <Dependent type="60" displayName="App with Data Gateway" parentDisplayName="PowerApps App" id="{716c5bcc-a15d-ee11-be6e-001dd801d097}" />
      </MissingDependency>
      <MissingDependency>
        <Required type="2" schemaName="admin_requirement_5" displayName="Mitigation Plan Provided" parentSchemaName="admin_app" parentDisplayName="PowerApps App" solution="CenterofExcellenceCoreComponents (4.15)" />
        <Dependent type="60" displayName="App with Data Gateway" parentDisplayName="PowerApps App" id="{716c5bcc-a15d-ee11-be6e-001dd801d097}" />
      </MissingDependency>
      <MissingDependency>
        <Required type="2" schemaName="admin_requirement_6" displayName="Maker Requirement - Data Classification" parentSchemaName="admin_app" parentDisplayName="PowerApps App" solution="CenterofExcellenceCoreComponents (4.15)" />
        <Dependent type="60" displayName="App with Data Gateway" parentDisplayName="PowerApps App" id="{716c5bcc-a15d-ee11-be6e-001dd801d097}" />
      </MissingDependency>
      <MissingDependency>
        <Required type="2" schemaName="admin_riskassessment" displayName="Admin Requirement - Risk Assessment" parentSchemaName="admin_app" parentDisplayName="PowerApps App" solution="CenterofExcellenceCoreComponents (4.15)" />
        <Dependent type="60" displayName="App with Data Gateway" parentDisplayName="PowerApps App" id="{716c5bcc-a15d-ee11-be6e-001dd801d097}" />
      </MissingDependency>
      <MissingDependency>
        <Required type="2" schemaName="admin_roi" displayName="ROI" parentSchemaName="admin_app" parentDisplayName="PowerApps App" solution="CenterofExcellenceCoreComponents (4.15)" />
        <Dependent type="60" displayName="App with Data Gateway" parentDisplayName="PowerApps App" id="{716c5bcc-a15d-ee11-be6e-001dd801d097}" />
      </MissingDependency>
      <MissingDependency>
        <Required type="2" schemaName="admin_sharepointformurl" displayName="SharePoint Form URL" parentSchemaName="admin_app" parentDisplayName="PowerApps App" solution="CenterofExcellenceCoreComponents (4.15)" />
        <Dependent type="60" displayName="App with Data Gateway" parentDisplayName="PowerApps App" id="{716c5bcc-a15d-ee11-be6e-001dd801d097}" />
      </MissingDependency>
      <MissingDependency>
        <Required type="2" schemaName="admin_stretchtargetroi" displayName="Stretch target ROI" parentSchemaName="admin_app" parentDisplayName="PowerApps App" solution="CenterofExcellenceCoreComponents (4.15)" />
        <Dependent type="60" displayName="App with Data Gateway" parentDisplayName="PowerApps App" id="{716c5bcc-a15d-ee11-be6e-001dd801d097}" />
      </MissingDependency>
      <MissingDependency>
        <Required type="2" schemaName="admin_totalshared" displayName="Total Shared" parentSchemaName="admin_app" parentDisplayName="PowerApps App" solution="CenterofExcellenceCoreComponents (4.15)" />
        <Dependent type="60" displayName="App with Data Gateway" parentDisplayName="PowerApps App" id="{716c5bcc-a15d-ee11-be6e-001dd801d097}" />
      </MissingDependency>
      <MissingDependency>
        <Required type="2" schemaName="cr5d5_appisorphaned" displayName="App is Orphaned" parentSchemaName="admin_app" parentDisplayName="PowerApps App" solution="CenterofExcellenceCoreComponents (4.15)" />
        <Dependent type="60" displayName="App with Data Gateway" parentDisplayName="PowerApps App" id="{716c5bcc-a15d-ee11-be6e-001dd801d097}" />
      </MissingDependency>
      <MissingDependency>
        <Required type="2" schemaName="ownerid" displayName="Owner" parentSchemaName="admin_app" parentDisplayName="PowerApps App" solution="Active" />
        <Dependent type="60" displayName="App with Data Gateway" parentDisplayName="PowerApps App" id="{716c5bcc-a15d-ee11-be6e-001dd801d097}" />
      </MissingDependency>
      <MissingDependency>
        <Required type="2" schemaName="admin_app" displayName="App" parentSchemaName="admin_connectionreference" parentDisplayName="CoE Connection Reference" solution="CenterofExcellenceCoreComponents (4.15)" />
        <Dependent type="10" schemaName="admin_rel_AppConnectionReferences" displayName="admin_rel_AppConnectionReferences" parentSchemaName="admin_connectionreference" parentDisplayName="CoE Connection Reference" />
      </MissingDependency>
      <MissingDependency>
        <Required type="2" schemaName="admin_app" displayName="App" parentSchemaName="admin_connectionreference" parentDisplayName="CoE Connection Reference" solution="CenterofExcellenceCoreComponents (4.15)" />
        <Dependent type="26" schemaName="Related Apps Lookup" displayName="Related Apps Lookup" parentSchemaName="admin_connectionreference" parentDisplayName="CoE Connection Reference" id="{3d7ef1e9-4853-ee11-be6e-001dd80abcd4}" />
      </MissingDependency>
      <MissingDependency>
        <Required type="2" schemaName="admin_app" displayName="App" parentSchemaName="admin_connectionreference" parentDisplayName="CoE Connection Reference" solution="CenterofExcellenceCoreComponents (4.15)" />
        <Dependent type="26" schemaName="Connection References with No Data Gateways" displayName="Connection References with No Data Gateways" parentSchemaName="admin_connectionreference" parentDisplayName="CoE Connection Reference" id="{a60e8f65-3662-ee11-be6e-001dd80ab48d}" />
      </MissingDependency>
      <MissingDependency>
        <Required type="2" schemaName="admin_app" displayName="App" parentSchemaName="admin_connectionreference" parentDisplayName="CoE Connection Reference" solution="CenterofExcellenceCoreComponents (4.15)" />
        <Dependent type="26" schemaName="Apps Shared Out With Data Gateways Connections" displayName="Apps Shared Out With Data Gateways Connections" parentSchemaName="admin_app" parentDisplayName="PowerApps App" id="{d0d1e59f-a05d-ee11-be6e-001dd801d097}" />
      </MissingDependency>
      <MissingDependency>
        <Required type="2" schemaName="admin_app" displayName="App" parentSchemaName="admin_connectionreference" parentDisplayName="CoE Connection Reference" solution="CenterofExcellenceCoreComponents (4.15)" />
        <Dependent type="26" schemaName="Connection References with Data Gateways" displayName="Connection References with Data Gateways" parentSchemaName="admin_connectionreference" parentDisplayName="CoE Connection Reference" id="{fe936a43-1653-ee11-be6e-001dd80b63ee}" />
      </MissingDependency>
      <MissingDependency>
        <Required type="2" schemaName="admin_app" displayName="App" parentSchemaName="admin_connectionreference" parentDisplayName="CoE Connection Reference" solution="CenterofExcellenceCoreComponents (4.15)" />
        <Dependent type="60" displayName="Data Governance" parentDisplayName="CoE Connection Reference" id="{cac7cea2-1653-ee11-be6e-001dd80ab50e}" />
      </MissingDependency>
      <MissingDependency>
        <Required type="2" schemaName="admin_connectionreferenceid" displayName="Connection Reference" parentSchemaName="admin_connectionreference" parentDisplayName="CoE Connection Reference" solution="CenterofExcellenceCoreComponents (4.15)" />
        <Dependent type="26" schemaName="Related Flows Lookup" displayName="Related Flows Lookup" parentSchemaName="admin_connectionreference" parentDisplayName="CoE Connection Reference" id="{1de16129-4953-ee11-be6e-001dd80b63ee}" />
      </MissingDependency>
      <MissingDependency>
        <Required type="2" schemaName="admin_connectionreferenceid" displayName="Connection Reference" parentSchemaName="admin_connectionreference" parentDisplayName="CoE Connection Reference" solution="CenterofExcellenceCoreComponents (4.15)" />
        <Dependent type="26" schemaName="Related Apps Lookup" displayName="Related Apps Lookup" parentSchemaName="admin_connectionreference" parentDisplayName="CoE Connection Reference" id="{3d7ef1e9-4853-ee11-be6e-001dd80abcd4}" />
      </MissingDependency>
      <MissingDependency>
        <Required type="2" schemaName="admin_connectionreferenceid" displayName="Connection Reference" parentSchemaName="admin_connectionreference" parentDisplayName="CoE Connection Reference" solution="CenterofExcellenceCoreComponents (4.15)" />
        <Dependent type="26" schemaName="Connection References with No Data Gateways" displayName="Connection References with No Data Gateways" parentSchemaName="admin_connectionreference" parentDisplayName="CoE Connection Reference" id="{a60e8f65-3662-ee11-be6e-001dd80ab48d}" />
      </MissingDependency>
      <MissingDependency>
        <Required type="2" schemaName="admin_connectionreferenceid" displayName="Connection Reference" parentSchemaName="admin_connectionreference" parentDisplayName="CoE Connection Reference" solution="CenterofExcellenceCoreComponents (4.15)" />
        <Dependent type="26" schemaName="Connection References with Data Gateways" displayName="Connection References with Data Gateways" parentSchemaName="admin_connectionreference" parentDisplayName="CoE Connection Reference" id="{fe936a43-1653-ee11-be6e-001dd80b63ee}" />
      </MissingDependency>
      <MissingDependency>
        <Required type="2" schemaName="admin_connector" displayName="Connector" parentSchemaName="admin_connectionreference" parentDisplayName="CoE Connection Reference" solution="CenterofExcellenceCoreComponents (4.15)" />
        <Dependent type="10" schemaName="admin_rel_ConnectorConnectionReferences" displayName="admin_rel_ConnectorConnectionReferences" parentSchemaName="admin_connectionreference" parentDisplayName="CoE Connection Reference" />
      </MissingDependency>
      <MissingDependency>
        <Required type="2" schemaName="admin_connector" displayName="Connector" parentSchemaName="admin_connectionreference" parentDisplayName="CoE Connection Reference" solution="CenterofExcellenceCoreComponents (4.15)" />
        <Dependent type="60" displayName="Data Governance" parentDisplayName="CoE Connection Reference" id="{cac7cea2-1653-ee11-be6e-001dd80ab50e}" />
      </MissingDependency>
      <MissingDependency>
        <Required type="2" schemaName="admin_displayname" displayName="Display Name" parentSchemaName="admin_connectionreference" parentDisplayName="CoE Connection Reference" solution="CenterofExcellenceCoreComponents (4.15)" />
        <Dependent type="26" schemaName="Connection References with No Data Gateways" displayName="Connection References with No Data Gateways" parentSchemaName="admin_connectionreference" parentDisplayName="CoE Connection Reference" id="{a60e8f65-3662-ee11-be6e-001dd80ab48d}" />
      </MissingDependency>
      <MissingDependency>
        <Required type="2" schemaName="admin_displayname" displayName="Display Name" parentSchemaName="admin_connectionreference" parentDisplayName="CoE Connection Reference" solution="CenterofExcellenceCoreComponents (4.15)" />
        <Dependent type="26" schemaName="Connection References with Data Gateways" displayName="Connection References with Data Gateways" parentSchemaName="admin_connectionreference" parentDisplayName="CoE Connection Reference" id="{fe936a43-1653-ee11-be6e-001dd80b63ee}" />
      </MissingDependency>
      <MissingDependency>
        <Required type="2" schemaName="admin_displayname" displayName="Display Name" parentSchemaName="admin_connectionreference" parentDisplayName="CoE Connection Reference" solution="CenterofExcellenceCoreComponents (4.15)" />
        <Dependent type="60" displayName="Data Governance" parentDisplayName="CoE Connection Reference" id="{cac7cea2-1653-ee11-be6e-001dd80ab50e}" />
      </MissingDependency>
      <MissingDependency>
        <Required type="2" schemaName="admin_flow" displayName="Flow Connection Reference" parentSchemaName="admin_connectionreference" parentDisplayName="CoE Connection Reference" solution="CenterofExcellenceCoreComponents (4.15)" />
        <Dependent type="10" schemaName="admin_rel_FlowConnectionReference" displayName="admin_rel_FlowConnectionReference" parentSchemaName="admin_connectionreference" parentDisplayName="CoE Connection Reference" />
      </MissingDependency>
      <MissingDependency>
        <Required type="2" schemaName="admin_flow" displayName="Flow Connection Reference" parentSchemaName="admin_connectionreference" parentDisplayName="CoE Connection Reference" solution="CenterofExcellenceCoreComponents (4.15)" />
        <Dependent type="26" schemaName="Related Flows Lookup" displayName="Related Flows Lookup" parentSchemaName="admin_connectionreference" parentDisplayName="CoE Connection Reference" id="{1de16129-4953-ee11-be6e-001dd80b63ee}" />
      </MissingDependency>
      <MissingDependency>
        <Required type="2" schemaName="admin_flow" displayName="Flow Connection Reference" parentSchemaName="admin_connectionreference" parentDisplayName="CoE Connection Reference" solution="CenterofExcellenceCoreComponents (4.15)" />
        <Dependent type="26" schemaName="Flows with Data Gateway Connections" displayName="Flows with Data Gateway Connections" parentSchemaName="admin_flow" parentDisplayName="Flow" id="{9d7af412-a45d-ee11-be6e-001dd801d097}" />
      </MissingDependency>
      <MissingDependency>
        <Required type="2" schemaName="admin_flow" displayName="Flow Connection Reference" parentSchemaName="admin_connectionreference" parentDisplayName="CoE Connection Reference" solution="CenterofExcellenceCoreComponents (4.15)" />
        <Dependent type="26" schemaName="Connection References with No Data Gateways" displayName="Connection References with No Data Gateways" parentSchemaName="admin_connectionreference" parentDisplayName="CoE Connection Reference" id="{a60e8f65-3662-ee11-be6e-001dd80ab48d}" />
      </MissingDependency>
      <MissingDependency>
        <Required type="2" schemaName="admin_flow" displayName="Flow Connection Reference" parentSchemaName="admin_connectionreference" parentDisplayName="CoE Connection Reference" solution="CenterofExcellenceCoreComponents (4.15)" />
        <Dependent type="26" schemaName="Connection References with Data Gateways" displayName="Connection References with Data Gateways" parentSchemaName="admin_connectionreference" parentDisplayName="CoE Connection Reference" id="{fe936a43-1653-ee11-be6e-001dd80b63ee}" />
      </MissingDependency>
      <MissingDependency>
        <Required type="2" schemaName="admin_flow" displayName="Flow Connection Reference" parentSchemaName="admin_connectionreference" parentDisplayName="CoE Connection Reference" solution="CenterofExcellenceCoreComponents (4.15)" />
        <Dependent type="60" displayName="Data Governance" parentDisplayName="CoE Connection Reference" id="{cac7cea2-1653-ee11-be6e-001dd80ab50e}" />
      </MissingDependency>
      <MissingDependency>
        <Required type="2" schemaName="statecode" displayName="Status" parentSchemaName="admin_connectionreference" parentDisplayName="CoE Connection Reference" solution="CenterofExcellenceCoreComponents (4.15)" />
        <Dependent type="26" schemaName="Connection References with No Data Gateways" displayName="Connection References with No Data Gateways" parentSchemaName="admin_connectionreference" parentDisplayName="CoE Connection Reference" id="{a60e8f65-3662-ee11-be6e-001dd80ab48d}" />
      </MissingDependency>
      <MissingDependency>
        <Required type="2" schemaName="statecode" displayName="Status" parentSchemaName="admin_connectionreference" parentDisplayName="CoE Connection Reference" solution="CenterofExcellenceCoreComponents (4.15)" />
        <Dependent type="26" schemaName="Connection References with Data Gateways" displayName="Connection References with Data Gateways" parentSchemaName="admin_connectionreference" parentDisplayName="CoE Connection Reference" id="{fe936a43-1653-ee11-be6e-001dd80b63ee}" />
      </MissingDependency>
      <MissingDependency>
        <Required type="2" schemaName="admin_connectorid" displayName="Connector" parentSchemaName="admin_connector" parentDisplayName="PowerApps Connector" solution="CenterofExcellenceCoreComponents (4.15)" />
        <Dependent type="10" schemaName="admin_rel_ConnectorConnectionReferences" displayName="admin_rel_ConnectorConnectionReferences" parentSchemaName="admin_connectionreference" parentDisplayName="CoE Connection Reference" />
      </MissingDependency>
      <MissingDependency>
        <Required type="2" schemaName="admin_displayname" displayName="Connector Display Name" parentSchemaName="admin_connector" parentDisplayName="PowerApps Connector" solution="CenterofExcellenceCoreComponents (4.15)" />
        <Dependent type="10" schemaName="admin_rel_ConnectorConnectionReferences" displayName="admin_rel_ConnectorConnectionReferences" parentSchemaName="admin_connectionreference" parentDisplayName="CoE Connection Reference" />
      </MissingDependency>
      <MissingDependency>
        <Required type="2" schemaName="admin_displayname" displayName="Display Name" parentSchemaName="admin_environment" parentDisplayName="Environment" solution="CenterofExcellenceCoreComponents (4.15)" />
        <Dependent type="10" schemaName="veh_veh_datagovernancelogs_Environment_admin_" displayName="veh_veh_datagovernancelogs_Environment_admin_" parentSchemaName="admin_environment" parentDisplayName="Environment" />
      </MissingDependency>
      <MissingDependency>
        <Required type="2" schemaName="admin_displayname" displayName="Display Name" parentSchemaName="admin_environment" parentDisplayName="Environment" solution="CenterofExcellenceCoreComponents (4.15)" />
        <Dependent type="26" schemaName="Environments Excuse Flags" displayName="Environments Excuse Flags" parentSchemaName="admin_environment" parentDisplayName="Environment" id="{c7cf2bc6-2e62-ee11-be6e-001dd80897b9}" />
      </MissingDependency>
      <MissingDependency>
        <Required type="2" schemaName="admin_environmentdeleted" displayName="Environment Deleted" parentSchemaName="admin_environment" parentDisplayName="Environment" solution="CenterofExcellenceCoreComponents (4.15)" />
        <Dependent type="26" schemaName="Environments Excuse Flags" displayName="Environments Excuse Flags" parentSchemaName="admin_environment" parentDisplayName="Environment" id="{c7cf2bc6-2e62-ee11-be6e-001dd80897b9}" />
      </MissingDependency>
      <MissingDependency>
        <Required type="2" schemaName="admin_environmentid" displayName="Environment" parentSchemaName="admin_environment" parentDisplayName="Environment" solution="CenterofExcellenceCoreComponents (4.15)" />
        <Dependent type="10" schemaName="veh_veh_datagovernancelogs_Environment_admin_" displayName="veh_veh_datagovernancelogs_Environment_admin_" parentSchemaName="admin_environment" parentDisplayName="Environment" />
      </MissingDependency>
      <MissingDependency>
        <Required type="2" schemaName="admin_environmentid" displayName="Environment" parentSchemaName="admin_environment" parentDisplayName="Environment" solution="CenterofExcellenceCoreComponents (4.15)" />
        <Dependent type="26" schemaName="Environments Excuse Flags" displayName="Environments Excuse Flags" parentSchemaName="admin_environment" parentDisplayName="Environment" id="{c7cf2bc6-2e62-ee11-be6e-001dd80897b9}" />
      </MissingDependency>
      <MissingDependency>
        <Required type="2" schemaName="admin_environmentpurpose" displayName="Environment Purpose" parentSchemaName="admin_environment" parentDisplayName="Environment" solution="CenterofExcellenceCoreComponents (4.15)" />
        <Dependent type="26" schemaName="Environments Excuse Flags" displayName="Environments Excuse Flags" parentSchemaName="admin_environment" parentDisplayName="Environment" id="{c7cf2bc6-2e62-ee11-be6e-001dd80897b9}" />
      </MissingDependency>
      <MissingDependency>
        <Required type="2" schemaName="admin_environmentsku" displayName="Environment Sku" parentSchemaName="admin_environment" parentDisplayName="Environment" solution="CenterofExcellenceCoreComponents (4.15)" />
        <Dependent type="26" schemaName="Environments Excuse Flags" displayName="Environments Excuse Flags" parentSchemaName="admin_environment" parentDisplayName="Environment" id="{c7cf2bc6-2e62-ee11-be6e-001dd80897b9}" />
      </MissingDependency>
      <MissingDependency>
        <Required type="2" schemaName="admin_excusefromappquarantineflow" displayName="Excuse From App Quarantine Flow" parentSchemaName="admin_environment" parentDisplayName="Environment" solution="CenterofExcellenceCoreComponents (4.15)" />
        <Dependent type="26" schemaName="Environments Excuse Flags" displayName="Environments Excuse Flags" parentSchemaName="admin_environment" parentDisplayName="Environment" id="{c7cf2bc6-2e62-ee11-be6e-001dd80897b9}" />
      </MissingDependency>
      <MissingDependency>
        <Required type="2" schemaName="admin_excusefromarchivalflows" displayName="Excuse From Inactivity Flows" parentSchemaName="admin_environment" parentDisplayName="Environment" solution="CenterofExcellenceCoreComponents (4.15)" />
        <Dependent type="26" schemaName="Environments Excuse Flags" displayName="Environments Excuse Flags" parentSchemaName="admin_environment" parentDisplayName="Environment" id="{c7cf2bc6-2e62-ee11-be6e-001dd80897b9}" />
      </MissingDependency>
      <MissingDependency>
        <Required type="2" schemaName="admin_excusefromcomplianceflow" displayName="Excuse From Compliance Flow" parentSchemaName="admin_environment" parentDisplayName="Environment" solution="CenterofExcellenceCoreComponents (4.15)" />
        <Dependent type="26" schemaName="Environments Excuse Flags" displayName="Environments Excuse Flags" parentSchemaName="admin_environment" parentDisplayName="Environment" id="{c7cf2bc6-2e62-ee11-be6e-001dd80897b9}" />
      </MissingDependency>
      <MissingDependency>
        <Required type="2" schemaName="admin_excusefromemptyenvironmentcleanup" displayName="Excuse From Empty Environment Cleanup" parentSchemaName="admin_environment" parentDisplayName="Environment" solution="CenterofExcellenceCoreComponents (4.15)" />
        <Dependent type="26" schemaName="Environments Excuse Flags" displayName="Environments Excuse Flags" parentSchemaName="admin_environment" parentDisplayName="Environment" id="{c7cf2bc6-2e62-ee11-be6e-001dd80897b9}" />
      </MissingDependency>
      <MissingDependency>
        <Required type="2" schemaName="admin_excusefrominventory" displayName="Excuse From Inventory" parentSchemaName="admin_environment" parentDisplayName="Environment" solution="CenterofExcellenceCoreComponents (4.15)" />
        <Dependent type="26" schemaName="Environments Excuse Flags" displayName="Environments Excuse Flags" parentSchemaName="admin_environment" parentDisplayName="Environment" id="{c7cf2bc6-2e62-ee11-be6e-001dd80897b9}" />
      </MissingDependency>
      <MissingDependency>
        <Required type="2" schemaName="statecode" displayName="Status" parentSchemaName="admin_environment" parentDisplayName="Environment" solution="CenterofExcellenceCoreComponents (4.15)" />
        <Dependent type="26" schemaName="Environments Excuse Flags" displayName="Environments Excuse Flags" parentSchemaName="admin_environment" parentDisplayName="Environment" id="{c7cf2bc6-2e62-ee11-be6e-001dd80897b9}" />
      </MissingDependency>
      <MissingDependency>
        <Required type="2" schemaName="admin_adminrequirementreviewedflow" displayName="Admin Requirement - Reviewed Flow" parentSchemaName="admin_flow" parentDisplayName="Flow" solution="CenterofExcellenceCoreComponents (4.15)" />
        <Dependent type="60" displayName="Flow with Data Gateway" parentDisplayName="Flow" id="{9f3be96b-a25d-ee11-be6e-001dd80135b4}" />
      </MissingDependency>
      <MissingDependency>
        <Required type="2" schemaName="admin_adminrequirementriskassessment" displayName="Admin Requirement - Risk Assessment" parentSchemaName="admin_flow" parentDisplayName="Flow" solution="CenterofExcellenceCoreComponents (4.15)" />
        <Dependent type="60" displayName="Flow with Data Gateway" parentDisplayName="Flow" id="{9f3be96b-a25d-ee11-be6e-001dd80135b4}" />
      </MissingDependency>
      <MissingDependency>
        <Required type="2" schemaName="admin_adminrequirementriskassessmentstate" displayName="Admin Requirement - Risk Assessment State" parentSchemaName="admin_flow" parentDisplayName="Flow" solution="CenterofExcellenceCoreComponents (4.15)" />
        <Dependent type="60" displayName="Flow with Data Gateway" parentDisplayName="Flow" id="{9f3be96b-a25d-ee11-be6e-001dd80135b4}" />
      </MissingDependency>
      <MissingDependency>
        <Required type="2" schemaName="admin_containsplaintextpassword" displayName="Contains Plain Text Password" parentSchemaName="admin_flow" parentDisplayName="Flow" solution="CenterofExcellenceCoreComponents (4.15)" />
        <Dependent type="60" displayName="Flow with Data Gateway" parentDisplayName="Flow" id="{9f3be96b-a25d-ee11-be6e-001dd80135b4}" />
      </MissingDependency>
      <MissingDependency>
        <Required type="2" schemaName="admin_derivedowner" displayName="DerivedOwner" parentSchemaName="admin_flow" parentDisplayName="Flow" solution="CenterofExcellenceCoreComponents (4.15)" />
        <Dependent type="26" schemaName="Flows with Data Gateway Connections" displayName="Flows with Data Gateway Connections" parentSchemaName="admin_flow" parentDisplayName="Flow" id="{9d7af412-a45d-ee11-be6e-001dd801d097}" />
      </MissingDependency>
      <MissingDependency>
        <Required type="2" schemaName="admin_derivedowner" displayName="DerivedOwner" parentSchemaName="admin_flow" parentDisplayName="Flow" solution="CenterofExcellenceCoreComponents (4.15)" />
        <Dependent type="60" displayName="Flow with Data Gateway" parentDisplayName="Flow" id="{9f3be96b-a25d-ee11-be6e-001dd80135b4}" />
      </MissingDependency>
      <MissingDependency>
        <Required type="2" schemaName="admin_displayname" displayName="Display Name" parentSchemaName="admin_flow" parentDisplayName="Flow" solution="CenterofExcellenceCoreComponents (4.15)" />
        <Dependent type="10" schemaName="admin_rel_FlowConnectionReference" displayName="admin_rel_FlowConnectionReference" parentSchemaName="admin_connectionreference" parentDisplayName="CoE Connection Reference" />
      </MissingDependency>
      <MissingDependency>
        <Required type="2" schemaName="admin_displayname" displayName="Display Name" parentSchemaName="admin_flow" parentDisplayName="Flow" solution="CenterofExcellenceCoreComponents (4.15)" />
        <Dependent type="26" schemaName="Flows with Data Gateway Connections" displayName="Flows with Data Gateway Connections" parentSchemaName="admin_flow" parentDisplayName="Flow" id="{9d7af412-a45d-ee11-be6e-001dd801d097}" />
      </MissingDependency>
      <MissingDependency>
        <Required type="2" schemaName="admin_displayname" displayName="Display Name" parentSchemaName="admin_flow" parentDisplayName="Flow" solution="CenterofExcellenceCoreComponents (4.15)" />
        <Dependent type="60" displayName="Flow with Data Gateway" parentDisplayName="Flow" id="{9f3be96b-a25d-ee11-be6e-001dd80135b4}" />
      </MissingDependency>
      <MissingDependency>
        <Required type="2" schemaName="admin_flowcontainsbrokenconnections" displayName="Flow Contains Broken Connections" parentSchemaName="admin_flow" parentDisplayName="Flow" solution="CenterofExcellenceCoreComponents (4.15)" />
        <Dependent type="60" displayName="Flow with Data Gateway" parentDisplayName="Flow" id="{9f3be96b-a25d-ee11-be6e-001dd80135b4}" />
      </MissingDependency>
      <MissingDependency>
        <Required type="2" schemaName="admin_flowcreatedon" displayName="Flow Created On" parentSchemaName="admin_flow" parentDisplayName="Flow" solution="CenterofExcellenceCoreComponents (4.15)" />
        <Dependent type="60" displayName="Flow with Data Gateway" parentDisplayName="Flow" id="{9f3be96b-a25d-ee11-be6e-001dd80135b4}" />
      </MissingDependency>
      <MissingDependency>
        <Required type="2" schemaName="admin_flowcreator" displayName="Maker" parentSchemaName="admin_flow" parentDisplayName="Flow" solution="CenterofExcellenceCoreComponents (4.15)" />
        <Dependent type="26" schemaName="Related Flows Lookup" displayName="Related Flows Lookup" parentSchemaName="admin_connectionreference" parentDisplayName="CoE Connection Reference" id="{1de16129-4953-ee11-be6e-001dd80b63ee}" />
      </MissingDependency>
      <MissingDependency>
        <Required type="2" schemaName="admin_flowcreator" displayName="Maker" parentSchemaName="admin_flow" parentDisplayName="Flow" solution="CenterofExcellenceCoreComponents (4.15)" />
        <Dependent type="26" schemaName="Flows with Data Gateway Connections" displayName="Flows with Data Gateway Connections" parentSchemaName="admin_flow" parentDisplayName="Flow" id="{9d7af412-a45d-ee11-be6e-001dd801d097}" />
      </MissingDependency>
      <MissingDependency>
        <Required type="2" schemaName="admin_flowcreator" displayName="Maker" parentSchemaName="admin_flow" parentDisplayName="Flow" solution="CenterofExcellenceCoreComponents (4.15)" />
        <Dependent type="60" displayName="Flow with Data Gateway" parentDisplayName="Flow" id="{9f3be96b-a25d-ee11-be6e-001dd80135b4}" />
      </MissingDependency>
      <MissingDependency>
        <Required type="2" schemaName="admin_flowdeleted" displayName="Flow Deleted" parentSchemaName="admin_flow" parentDisplayName="Flow" solution="CenterofExcellenceCoreComponents (4.15)" />
        <Dependent type="60" displayName="Flow with Data Gateway" parentDisplayName="Flow" id="{9f3be96b-a25d-ee11-be6e-001dd80135b4}" />
      </MissingDependency>
      <MissingDependency>
        <Required type="2" schemaName="admin_flowdeletedon" displayName="Flow Deleted From Inventory On" parentSchemaName="admin_flow" parentDisplayName="Flow" solution="CenterofExcellenceCoreComponents (4.15)" />
        <Dependent type="60" displayName="Flow with Data Gateway" parentDisplayName="Flow" id="{9f3be96b-a25d-ee11-be6e-001dd80135b4}" />
      </MissingDependency>
      <MissingDependency>
        <Required type="2" schemaName="admin_flowdescription" displayName="Flow Description" parentSchemaName="admin_flow" parentDisplayName="Flow" solution="CenterofExcellenceCoreComponents (4.15)" />
        <Dependent type="60" displayName="Flow with Data Gateway" parentDisplayName="Flow" id="{9f3be96b-a25d-ee11-be6e-001dd80135b4}" />
      </MissingDependency>
      <MissingDependency>
        <Required type="2" schemaName="admin_flowenvironment" displayName="Flow Environment" parentSchemaName="admin_flow" parentDisplayName="Flow" solution="CenterofExcellenceCoreComponents (4.15)" />
        <Dependent type="26" schemaName="Flows with Data Gateway Connections" displayName="Flows with Data Gateway Connections" parentSchemaName="admin_flow" parentDisplayName="Flow" id="{9d7af412-a45d-ee11-be6e-001dd801d097}" />
      </MissingDependency>
      <MissingDependency>
        <Required type="2" schemaName="admin_flowenvironment" displayName="Flow Environment" parentSchemaName="admin_flow" parentDisplayName="Flow" solution="CenterofExcellenceCoreComponents (4.15)" />
        <Dependent type="60" displayName="Flow with Data Gateway" parentDisplayName="Flow" id="{9f3be96b-a25d-ee11-be6e-001dd80135b4}" />
      </MissingDependency>
      <MissingDependency>
        <Required type="2" schemaName="admin_flowenvironmentdisplayname" displayName="Flow Environment Display Name" parentSchemaName="admin_flow" parentDisplayName="Flow" solution="CenterofExcellenceCoreComponents (4.15)" />
        <Dependent type="26" schemaName="Connection References with No Data Gateways" displayName="Connection References with No Data Gateways" parentSchemaName="admin_connectionreference" parentDisplayName="CoE Connection Reference" id="{a60e8f65-3662-ee11-be6e-001dd80ab48d}" />
      </MissingDependency>
      <MissingDependency>
        <Required type="2" schemaName="admin_flowenvironmentdisplayname" displayName="Flow Environment Display Name" parentSchemaName="admin_flow" parentDisplayName="Flow" solution="CenterofExcellenceCoreComponents (4.15)" />
        <Dependent type="26" schemaName="Connection References with Data Gateways" displayName="Connection References with Data Gateways" parentSchemaName="admin_connectionreference" parentDisplayName="CoE Connection Reference" id="{fe936a43-1653-ee11-be6e-001dd80b63ee}" />
      </MissingDependency>
      <MissingDependency>
        <Required type="2" schemaName="admin_flowexcusedfromarchival" displayName="Flow Excused From Archival" parentSchemaName="admin_flow" parentDisplayName="Flow" solution="CenterofExcellenceCoreComponents (4.15)" />
        <Dependent type="60" displayName="Flow with Data Gateway" parentDisplayName="Flow" id="{9f3be96b-a25d-ee11-be6e-001dd80135b4}" />
      </MissingDependency>
      <MissingDependency>
        <Required type="2" schemaName="admin_flowid" displayName="Flow" parentSchemaName="admin_flow" parentDisplayName="Flow" solution="CenterofExcellenceCoreComponents (4.15)" />
        <Dependent type="10" schemaName="admin_rel_FlowConnectionReference" displayName="admin_rel_FlowConnectionReference" parentSchemaName="admin_connectionreference" parentDisplayName="CoE Connection Reference" />
      </MissingDependency>
      <MissingDependency>
        <Required type="2" schemaName="admin_flowid" displayName="Flow" parentSchemaName="admin_flow" parentDisplayName="Flow" solution="CenterofExcellenceCoreComponents (4.15)" />
        <Dependent type="26" schemaName="Related Flows Lookup" displayName="Related Flows Lookup" parentSchemaName="admin_connectionreference" parentDisplayName="CoE Connection Reference" id="{1de16129-4953-ee11-be6e-001dd80b63ee}" />
      </MissingDependency>
      <MissingDependency>
        <Required type="2" schemaName="admin_flowid" displayName="Flow" parentSchemaName="admin_flow" parentDisplayName="Flow" solution="CenterofExcellenceCoreComponents (4.15)" />
        <Dependent type="26" schemaName="Flows with Data Gateway Connections" displayName="Flows with Data Gateway Connections" parentSchemaName="admin_flow" parentDisplayName="Flow" id="{9d7af412-a45d-ee11-be6e-001dd801d097}" />
      </MissingDependency>
      <MissingDependency>
        <Required type="2" schemaName="admin_flowid" displayName="Flow" parentSchemaName="admin_flow" parentDisplayName="Flow" solution="CenterofExcellenceCoreComponents (4.15)" />
        <Dependent type="26" schemaName="Connection References with No Data Gateways" displayName="Connection References with No Data Gateways" parentSchemaName="admin_connectionreference" parentDisplayName="CoE Connection Reference" id="{a60e8f65-3662-ee11-be6e-001dd80ab48d}" />
      </MissingDependency>
      <MissingDependency>
        <Required type="2" schemaName="admin_flowid" displayName="Flow" parentSchemaName="admin_flow" parentDisplayName="Flow" solution="CenterofExcellenceCoreComponents (4.15)" />
        <Dependent type="26" schemaName="Connection References with Data Gateways" displayName="Connection References with Data Gateways" parentSchemaName="admin_connectionreference" parentDisplayName="CoE Connection Reference" id="{fe936a43-1653-ee11-be6e-001dd80b63ee}" />
      </MissingDependency>
      <MissingDependency>
        <Required type="2" schemaName="admin_flowidstring" displayName="FlowIDString" parentSchemaName="admin_flow" parentDisplayName="Flow" solution="CenterofExcellenceCoreComponents (4.15)" />
        <Dependent type="60" displayName="Flow with Data Gateway" parentDisplayName="Flow" id="{9f3be96b-a25d-ee11-be6e-001dd80135b4}" />
      </MissingDependency>
      <MissingDependency>
        <Required type="2" schemaName="admin_flowmodifiedon" displayName="Flow Modified On" parentSchemaName="admin_flow" parentDisplayName="Flow" solution="CenterofExcellenceCoreComponents (4.15)" />
        <Dependent type="60" displayName="Flow with Data Gateway" parentDisplayName="Flow" id="{9f3be96b-a25d-ee11-be6e-001dd80135b4}" />
      </MissingDependency>
      <MissingDependency>
        <Required type="2" schemaName="admin_flowpendingsuspensionon" displayName="Flow Pending Suspension On" parentSchemaName="admin_flow" parentDisplayName="Flow" solution="CenterofExcellenceCoreComponents (4.15)" />
        <Dependent type="60" displayName="Flow with Data Gateway" parentDisplayName="Flow" id="{9f3be96b-a25d-ee11-be6e-001dd80135b4}" />
      </MissingDependency>
      <MissingDependency>
        <Required type="2" schemaName="admin_flowpendingsuspensionpowerappplanexcluded" displayName="Flow Pending Suspension PowerAppPlanExcluded" parentSchemaName="admin_flow" parentDisplayName="Flow" solution="CenterofExcellenceCoreComponents (4.15)" />
        <Dependent type="60" displayName="Flow with Data Gateway" parentDisplayName="Flow" id="{9f3be96b-a25d-ee11-be6e-001dd80135b4}" />
      </MissingDependency>
      <MissingDependency>
        <Required type="2" schemaName="admin_flowpendingsuspensionreason" displayName="Flow Pending Suspension Reason" parentSchemaName="admin_flow" parentDisplayName="Flow" solution="CenterofExcellenceCoreComponents (4.15)" />
        <Dependent type="60" displayName="Flow with Data Gateway" parentDisplayName="Flow" id="{9f3be96b-a25d-ee11-be6e-001dd80135b4}" />
      </MissingDependency>
      <MissingDependency>
        <Required type="2" schemaName="admin_flowstate" displayName="Flow State" parentSchemaName="admin_flow" parentDisplayName="Flow" solution="CenterofExcellenceCoreComponents (4.15)" />
        <Dependent type="60" displayName="Flow with Data Gateway" parentDisplayName="Flow" id="{9f3be96b-a25d-ee11-be6e-001dd80135b4}" />
      </MissingDependency>
      <MissingDependency>
        <Required type="2" schemaName="admin_flowsuspensionreason" displayName="Flow Suspension Reason" parentSchemaName="admin_flow" parentDisplayName="Flow" solution="CenterofExcellenceCoreComponents (4.15)" />
        <Dependent type="60" displayName="Flow with Data Gateway" parentDisplayName="Flow" id="{9f3be96b-a25d-ee11-be6e-001dd80135b4}" />
      </MissingDependency>
      <MissingDependency>
        <Required type="2" schemaName="admin_inventoryme" displayName="InventoryMe" parentSchemaName="admin_flow" parentDisplayName="Flow" solution="CenterofExcellenceCoreComponents (4.15)" />
        <Dependent type="60" displayName="Flow with Data Gateway" parentDisplayName="Flow" id="{9f3be96b-a25d-ee11-be6e-001dd80135b4}" />
      </MissingDependency>
      <MissingDependency>
        <Required type="2" schemaName="admin_makerrequirementdependencies" displayName="Maker Requirement - Dependencies" parentSchemaName="admin_flow" parentDisplayName="Flow" solution="CenterofExcellenceCoreComponents (4.15)" />
        <Dependent type="60" displayName="Flow with Data Gateway" parentDisplayName="Flow" id="{9f3be96b-a25d-ee11-be6e-001dd80135b4}" />
      </MissingDependency>
      <MissingDependency>
        <Required type="2" schemaName="admin_mitigationplanprovided" displayName="Mitigation Plan Provided" parentSchemaName="admin_flow" parentDisplayName="Flow" solution="CenterofExcellenceCoreComponents (4.15)" />
        <Dependent type="60" displayName="Flow with Data Gateway" parentDisplayName="Flow" id="{9f3be96b-a25d-ee11-be6e-001dd80135b4}" />
      </MissingDependency>
      <MissingDependency>
        <Required type="2" schemaName="admin_requirement_1" displayName="Maker Requirement - Business Justification" parentSchemaName="admin_flow" parentDisplayName="Flow" solution="CenterofExcellenceCoreComponents (4.15)" />
        <Dependent type="60" displayName="Flow with Data Gateway" parentDisplayName="Flow" id="{9f3be96b-a25d-ee11-be6e-001dd80135b4}" />
      </MissingDependency>
      <MissingDependency>
        <Required type="2" schemaName="admin_requirement_2" displayName="Maker Requirement - Business Impact" parentSchemaName="admin_flow" parentDisplayName="Flow" solution="CenterofExcellenceCoreComponents (4.15)" />
        <Dependent type="60" displayName="Flow with Data Gateway" parentDisplayName="Flow" id="{9f3be96b-a25d-ee11-be6e-001dd80135b4}" />
      </MissingDependency>
      <MissingDependency>
        <Required type="2" schemaName="admin_templatename" displayName="Template Name" parentSchemaName="admin_flow" parentDisplayName="Flow" solution="CenterofExcellenceCoreComponents (4.15)" />
        <Dependent type="60" displayName="Flow with Data Gateway" parentDisplayName="Flow" id="{9f3be96b-a25d-ee11-be6e-001dd80135b4}" />
      </MissingDependency>
      <MissingDependency>
        <Required type="2" schemaName="cr5d5_flowisorphaned" displayName="Flow is Orphaned" parentSchemaName="admin_flow" parentDisplayName="Flow" solution="CenterofExcellenceCoreComponents (4.15)" />
        <Dependent type="60" displayName="Flow with Data Gateway" parentDisplayName="Flow" id="{9f3be96b-a25d-ee11-be6e-001dd80135b4}" />
      </MissingDependency>
      <MissingDependency>
        <Required type="2" schemaName="cr5d5_flowtrigger" displayName="FlowTrigger" parentSchemaName="admin_flow" parentDisplayName="Flow" solution="CenterofExcellenceCoreComponents (4.15)" />
        <Dependent type="60" displayName="Flow with Data Gateway" parentDisplayName="Flow" id="{9f3be96b-a25d-ee11-be6e-001dd80135b4}" />
      </MissingDependency>
      <MissingDependency>
        <Required type="2" schemaName="ownerid" displayName="Owner" parentSchemaName="admin_flow" parentDisplayName="Flow" solution="Active" />
        <Dependent type="60" displayName="Flow with Data Gateway" parentDisplayName="Flow" id="{9f3be96b-a25d-ee11-be6e-001dd80135b4}" />
      </MissingDependency>
      <MissingDependency>
        <Required type="26" schemaName="Active Connection References" displayName="Active Connection References" parentSchemaName="admin_connectionreference" parentDisplayName="CoE Connection Reference" solution="CenterofExcellenceCoreComponents (4.15)" id="{0efcdf8f-7a1c-414e-aeb0-3c5590da39bb}" />
        <Dependent type="60" displayName="Information" parentDisplayName="On-premises Data Gateway" id="{4122f31d-746a-4a49-8813-70ff2f6c3e3e}" />
      </MissingDependency>
      <MissingDependency>
        <Required type="26" schemaName="Active Connection References" displayName="Active Connection References" parentSchemaName="admin_connectionreference" parentDisplayName="CoE Connection Reference" solution="CenterofExcellenceCoreComponents (4.15)" id="{0efcdf8f-7a1c-414e-aeb0-3c5590da39bb}" />
        <Dependent type="60" displayName="App with Data Gateway" parentDisplayName="PowerApps App" id="{716c5bcc-a15d-ee11-be6e-001dd801d097}" />
      </MissingDependency>
      <MissingDependency>
        <Required type="26" schemaName="Active Connection References" displayName="Active Connection References" parentSchemaName="admin_connectionreference" parentDisplayName="CoE Connection Reference" solution="CenterofExcellenceCoreComponents (4.15)" id="{0efcdf8f-7a1c-414e-aeb0-3c5590da39bb}" />
        <Dependent type="60" displayName="Flow with Data Gateway" parentDisplayName="Flow" id="{9f3be96b-a25d-ee11-be6e-001dd80135b4}" />
      </MissingDependency>
      <MissingDependency>
        <Required type="26" schemaName="Environment Lookup View" displayName="Environment Lookup View" parentSchemaName="admin_environment" parentDisplayName="Environment" solution="CenterofExcellenceCoreComponents (4.15)" id="{16c8f393-8e98-4318-a2d3-0fec847c0c7b}" />
        <Dependent type="60" displayName="App with Data Gateway" parentDisplayName="PowerApps App" id="{716c5bcc-a15d-ee11-be6e-001dd801d097}" />
      </MissingDependency>
      <MissingDependency>
        <Required type="26" schemaName="Environment Lookup View" displayName="Environment Lookup View" parentSchemaName="admin_environment" parentDisplayName="Environment" solution="CenterofExcellenceCoreComponents (4.15)" id="{16c8f393-8e98-4318-a2d3-0fec847c0c7b}" />
        <Dependent type="60" displayName="Flow with Data Gateway" parentDisplayName="Flow" id="{9f3be96b-a25d-ee11-be6e-001dd80135b4}" />
      </MissingDependency>
      <MissingDependency>
        <Required type="26" schemaName="Active Power Platform User Roles" displayName="Active Power Platform User Roles" parentSchemaName="admin_powerplatformuserrole" parentDisplayName="Power Platform User Role" solution="CenterofExcellenceCoreComponents (4.15)" id="{252402b7-bd6f-415c-8613-958fdd8b8de0}" />
        <Dependent type="60" displayName="App with Data Gateway" parentDisplayName="PowerApps App" id="{716c5bcc-a15d-ee11-be6e-001dd801d097}" />
      </MissingDependency>
      <MissingDependency>
        <Required type="26" schemaName="Maker Lookup View" displayName="Maker Lookup View" parentSchemaName="admin_maker" parentDisplayName="Maker" solution="CenterofExcellenceCoreComponents (4.15)" id="{32cb5052-a761-447d-b592-5641a097a171}" />
        <Dependent type="60" displayName="Flow with Data Gateway" parentDisplayName="Flow" id="{9f3be96b-a25d-ee11-be6e-001dd80135b4}" />
      </MissingDependency>
      <MissingDependency>
        <Required type="26" schemaName="Audit Log Subgrid" displayName="Audit Log Subgrid" parentSchemaName="admin_auditlog" parentDisplayName="Audit Log" solution="CenterofExcellenceCoreComponents (4.15)" id="{425acc34-a7c0-ec11-983e-000d3a18ff9f}" />
        <Dependent type="60" displayName="App with Data Gateway" parentDisplayName="PowerApps App" id="{716c5bcc-a15d-ee11-be6e-001dd801d097}" />
      </MissingDependency>
      <MissingDependency>
        <Required type="26" schemaName="Active App Catalog Feedbacks" displayName="Active App Catalog Feedbacks" parentSchemaName="admin_appcatalogfeedback" parentDisplayName="App Catalog Feedback" solution="CenterofExcellenceCoreComponents (4.15)" id="{48b18905-3195-4524-9ab6-51c94b29a6c2}" />
        <Dependent type="60" displayName="App with Data Gateway" parentDisplayName="PowerApps App" id="{716c5bcc-a15d-ee11-be6e-001dd801d097}" />
      </MissingDependency>
      <MissingDependency>
        <Required type="26" schemaName="Active Flow Action Details" displayName="Active Flow Action Details" parentSchemaName="admin_flowactiondetail" parentDisplayName="Flow Action Detail" solution="CenterofExcellenceCoreComponents (4.15)" id="{7054d76f-dd3e-4a25-9b3f-7fd6424e3224}" />
        <Dependent type="60" displayName="Flow with Data Gateway" parentDisplayName="Flow" id="{9f3be96b-a25d-ee11-be6e-001dd80135b4}" />
      </MissingDependency>
      <MissingDependency>
        <Required type="26" schemaName="Active Audit Logs" displayName="Active Audit Logs" parentSchemaName="admin_auditlog" parentDisplayName="Audit Log" solution="CenterofExcellenceCoreComponents (4.15)" id="{728c7853-ed84-4346-b98e-eb79bc359483}" />
        <Dependent type="60" displayName="App with Data Gateway" parentDisplayName="PowerApps App" id="{716c5bcc-a15d-ee11-be6e-001dd801d097}" />
      </MissingDependency>
      <MissingDependency>
        <Required type="26" schemaName="App Power Platform Users" displayName="App Power Platform Users" parentSchemaName="admin_powerplatformuserrole" parentDisplayName="Power Platform User Role" solution="CenterofExcellenceCoreComponents (4.15)" id="{81e1f65b-22ac-ea11-a812-000d3a31cf04}" />
        <Dependent type="60" displayName="App with Data Gateway" parentDisplayName="PowerApps App" id="{716c5bcc-a15d-ee11-be6e-001dd801d097}" />
      </MissingDependency>
      <MissingDependency>
        <Required type="26" schemaName="Related Flows" displayName="Related Flows" parentSchemaName="admin_connectionreference" parentDisplayName="CoE Connection Reference" solution="CenterofExcellenceCoreComponents (4.15)" id="{bac63b0f-a389-e911-a856-000d3a372932}" />
        <Dependent type="60" displayName="Information" parentDisplayName="On-premises Data Gateway" id="{4122f31d-746a-4a49-8813-70ff2f6c3e3e}" />
      </MissingDependency>
      <MissingDependency>
        <Required type="26" schemaName="Related Apps" displayName="Related Apps" parentSchemaName="admin_connectionreference" parentDisplayName="CoE Connection Reference" solution="CenterofExcellenceCoreComponents (4.15)" id="{e85399e2-a289-e911-a856-000d3a372932}" />
        <Dependent type="60" displayName="Information" parentDisplayName="On-premises Data Gateway" id="{4122f31d-746a-4a49-8813-70ff2f6c3e3e}" />
      </MissingDependency>
      <MissingDependency>
        <Required type="59" schemaName="Shared Total" displayName="Shared Total" parentSchemaName="admin_powerplatformuserrole" parentDisplayName="Power Platform User Role" solution="CenterofExcellenceCoreComponents (4.15)" id="{28904a82-8dac-ea11-a812-000d3a31cb42}" />
        <Dependent type="60" displayName="App with Data Gateway" parentDisplayName="PowerApps App" id="{716c5bcc-a15d-ee11-be6e-001dd801d097}" />
      </MissingDependency>
      <MissingDependency>
        <Required type="60" displayName="Information" parentDisplayName="CoE Connection Reference" solution="CenterofExcellenceCoreComponents (4.15)" id="{616cd6ff-f809-4ec5-ae47-9d1ccb4262b6}" />
        <Dependent type="80" schemaName="veh_DataGovernance" displayName="Data Governance App" />
      </MissingDependency>
      <MissingDependency>
        <Required type="61" schemaName="admin_ConnectorIcon" displayName="admin_ConnectorIcon" solution="CenterofExcellenceCoreComponents (4.15)" />
        <Dependent type="1" schemaName="admin_connectionreference" displayName="CoE Connection Reference" />
      </MissingDependency>
      <MissingDependency>
        <Required type="61" schemaName="admin_ConnectorIcon" displayName="admin_ConnectorIcon" solution="CenterofExcellenceCoreComponents (4.15)" />
        <Dependent type="61" schemaName="admin_ConnectorIcon" displayName="admin_ConnectorIcon" />
      </MissingDependency>
      <MissingDependency>
        <Required type="61" schemaName="admin_globeicon" displayName="admin_globeicon" solution="CenterofExcellenceCoreComponents (4.15)" />
        <Dependent type="1" schemaName="admin_environment" displayName="Environment" />
      </MissingDependency>
      <MissingDependency>
        <Required type="61" schemaName="msdyn_/Images/AppModule_Default_Icon.png" displayName="msdyn_/Images/AppModule_Default_Icon.png" solution="AppModuleWebResources (2.5)" />
        <Dependent type="80" schemaName="veh_DataGovernance" displayName="Data Governance App" />
      </MissingDependency>
      <MissingDependency>
        <Required type="66" schemaName="MscrmControls.FlipSwitch.FlipSwitchControl" displayName="MscrmControls.FlipSwitch.FlipSwitchControl" solution="CustomControlsCore (9.2.23101.00250)" />
        <Dependent type="60" displayName="App with Data Gateway" parentDisplayName="PowerApps App" id="{716c5bcc-a15d-ee11-be6e-001dd801d097}" />
      </MissingDependency>
      <MissingDependency>
        <Required type="66" schemaName="MscrmControls.OptionSet.OptionSetControl" displayName="MscrmControls.OptionSet.OptionSetControl" solution="CustomControlsCore (9.2.23101.00250)" />
        <Dependent type="60" displayName="App with Data Gateway" parentDisplayName="PowerApps App" id="{716c5bcc-a15d-ee11-be6e-001dd801d097}" />
      </MissingDependency>
      <MissingDependency>
        <Required type="connectionreference" displayName="admin_CoECorePowerAppsAdmin" solution="CenterofExcellenceCoreComponents (4.15)" id.connectionreferencelogicalname="admin_CoECorePowerAppsAdmin" />
        <Dependent type="29" displayName="Share COE Apps with a User" id="{c79c36a9-1257-ee11-be6e-001dd8022163}" />
      </MissingDependency>
      <MissingDependency>
        <Required type="connectionreference" displayName="admin_CoECorePowerAutomateManagement" solution="CenterofExcellenceCoreComponents (4.15)" id.connectionreferencelogicalname="admin_CoECorePowerAutomateManagement" />
        <Dependent type="29" displayName="Update Connection Refs with Gateway Info" id="{28bf6216-7c59-ee11-be6e-001dd801a654}" />
      </MissingDependency>
      <MissingDependency>
        <Required type="connectionreference" displayName="admin_CoENurtureO365Users" solution="CenterofExcellenceNurtureComponents (3.8)" id.connectionreferencelogicalname="admin_CoENurtureO365Users" />
        <Dependent type="29" displayName="Share COE Apps with a User" id="{c79c36a9-1257-ee11-be6e-001dd8022163}" />
      </MissingDependency>
    </MissingDependencies>
  </SolutionManifest>
</ImportExportXml>