{
  "properties": {
    "connectionReferences": {
      "shared_powerappsforadmins": {
        "runtimeSource": "invoker",
        "connection": {
          "connectionReferenceLogicalName": "admin_CoECorePowerAppsAdmin"
        },
        "api": {
          "name": "shared_powerappsforadmins"
        }
      },
      "shared_office365users": {
        "runtimeSource": "invoker",
        "connection": {
          "connectionReferenceLogicalName": "admin_CoENurtureO365Users"
        },
        "api": {
          "name": "shared_office365users"
        }
      }
    },
    "definition": {
      "$schema": "https://schema.management.azure.com/providers/Microsoft.Logic/schemas/2016-06-01/workflowdefinition.json#",
      "contentVersion": "1.0.0.0",
      "parameters": {
        "$connections": {
          "defaultValue": {},
          "type": "Object"
        },
        "$authentication": {
          "defaultValue": {},
          "type": "SecureObject"
        }
      },
      "triggers": {
        "manual": {
          "metadata": {
            "operationMetadataId": "64179c68-f2af-437b-a331-14116166c613"
          },
          "type": "Request",
          "kind": "Button",
          "inputs": {
            "schema": {
              "type": "object",
              "properties": {
                "text": {
                  "title": "UserId",
                  "type": "string",
                  "x-ms-dynamically-added": true,
                  "description": "Please enter your input",
                  "x-ms-content-hint": "TEXT"
                }
              },
              "required": [
                "text"
              ]
            }
          }
        }
      },
      "actions": {
        "Get_Apps_as_Admin": {
          "runAfter": {
            "Get_user_profile_(V2)": [
              "Succeeded"
            ]
          },
          "metadata": {
            "operationMetadataId": "e32f7b5b-3a72-4bb8-8d27-b9d21e5f1188"
          },
          "type": "OpenApiConnection",
          "inputs": {
            "host": {
              "connectionName": "shared_powerappsforadmins",
              "operationId": "Get-AdminApps",
              "apiId": "/providers/Microsoft.PowerApps/apis/shared_powerappsforadmins"
            },
            "parameters": {
              "environment": "476b9e59-a11f-e98a-bd36-667f17cefabd",
              "api-version": "2016-11-01",
              "$top": 250
            },
            "authentication": {
              "type": "Raw",
              "value": "@json(decodeBase64(triggerOutputs().headers['X-MS-APIM-Tokens']))['$ConnectionKey']"
            }
          }
        },
        "Apply_to_each": {
          "foreach": "@outputs('Get_Apps_as_Admin')?['body/value']",
          "actions": {
            "Compose": {
              "runAfter": {},
              "metadata": {
                "operationMetadataId": "5ea97e3e-7f49-4d37-9dbb-f4923b1ea941"
              },
              "type": "Compose",
              "inputs": "@items('Apply_to_each')?['type']"
            },
            "Condition": {
              "actions": {
                "Set_App_Owner": {
                  "runAfter": {},
                  "metadata": {
                    "operationMetadataId": "39a8f13d-978c-4028-a45e-d952017a438a"
                  },
                  "type": "OpenApiConnection",
                  "inputs": {
                    "host": {
                      "connectionName": "shared_powerappsforadmins",
                      "operationId": "Set-AdminAppOwner",
                      "apiId": "/providers/Microsoft.PowerApps/apis/shared_powerappsforadmins"
                    },
                    "parameters": {
                      "environment": "476b9e59-a11f-e98a-bd36-667f17cefabd",
                      "app": "@items('Apply_to_each')?['name']",
                      "api-version": "2016-11-01",
                      "Content-Type": " application/json",
                      "body/roleForOldAppOwner": "CanEdit",
                      "body/newAppOwner": "@outputs('Get_user_profile_(V2)')?['body/id']"
                    },
                    "authentication": {
                      "type": "Raw",
                      "value": "@json(decodeBase64(triggerOutputs().headers['X-MS-APIM-Tokens']))['$ConnectionKey']"
                    }
                  }
                }
              },
              "runAfter": {
                "Compose_2": [
                  "Succeeded"
                ]
              },
              "expression": {
                "equals": [
                  "@items('Apply_to_each')?['appType']",
                  "ClassicCanvasApp"
                ]
              },
              "metadata": {
                "operationMetadataId": "b85b09f8-ecc0-40b6-8437-73e746b10e8e"
              },
              "type": "If"
            },
            "Compose_2": {
              "runAfter": {
                "Compose": [
                  "Succeeded"
                ]
              },
              "metadata": {
                "operationMetadataId": "5ea97e3e-7f49-4d37-9dbb-f4923b1ea941"
              },
              "type": "Compose",
              "inputs": "@items('Apply_to_each')?['appType']"
            }
          },
          "runAfter": {
            "Parse_JSON": [
              "Succeeded"
            ]
          },
          "metadata": {
            "operationMetadataId": "2eb2ea8a-8848-4012-bcc4-2ef3cf423959"
          },
          "type": "Foreach"
        },
        "Get_user_profile_(V2)": {
          "runAfter": {
            "Terminate": [
              "Succeeded"
            ]
          },
          "metadata": {
            "operationMetadataId": "caa8bb1e-bbc1-430c-8fba-371ded3053ce"
          },
          "type": "OpenApiConnection",
          "inputs": {
            "host": {
              "connectionName": "shared_office365users",
              "operationId": "UserProfile_V2",
              "apiId": "/providers/Microsoft.PowerApps/apis/shared_office365users"
            },
            "parameters": {
              "id": "valterherman@uspsgcctenant.onmicrosoft.com"
            },
            "authentication": {
              "type": "Raw",
              "value": "@json(decodeBase64(triggerOutputs().headers['X-MS-APIM-Tokens']))['$ConnectionKey']"
            }
          }
        },
        "Parse_JSON": {
          "runAfter": {
            "Get_Apps_as_Admin": [
              "Succeeded"
            ]
          },
          "metadata": {
            "operationMetadataId": "d8fa7e0f-9709-4985-8dd7-2088b00aff44"
          },
          "type": "ParseJson",
          "inputs": {
            "content": "@body('Get_Apps_as_Admin')",
            "schema": {
              "type": "object",
              "properties": {
                "statusCode": {
                  "type": "integer"
                },
                "headers": {
                  "type": "object",
                  "properties": {
                    "Vary": {
                      "type": "string"
                    },
                    "Strict-Transport-Security": {
                      "type": "string"
                    },
                    "x-ms-islandgateway": {
                      "type": "string"
                    },
                    "Referrer-Policy": {
                      "type": "string"
                    },
                    "X-Content-Type-Options": {
                      "type": "string"
                    },
                    "x-ms-request-id": {
                      "type": "string"
                    },
                    "x-ms-correlation-request-id": {
                      "type": "string"
                    },
                    "x-ms-client-request-id": {
                      "type": "string"
                    },
                    "x-servicefabric": {
                      "type": "string"
                    },
                    "x-ms-service-request-id": {
                      "type": "string"
                    },
                    "x-ms-correlation-id": {
                      "type": "string"
                    },
                    "x-ms-activity-vector": {
                      "type": "string"
                    },
                    "Server-Timing": {
                      "type": "string"
                    },
                    "Timing-Allow-Origin": {
                      "type": "string"
                    },
                    "x-ms-apihub-cached-response": {
                      "type": "string"
                    },
                    "x-ms-apihub-obo": {
                      "type": "string"
                    },
                    "Cache-Control": {
                      "type": "string"
                    },
                    "Date": {
                      "type": "string"
                    },
                    "Content-Length": {
                      "type": "string"
                    },
                    "Content-Type": {
                      "type": "string"
                    }
                  }
                },
                "body": {
                  "type": "object",
                  "properties": {
                    "value": {
                      "type": "array",
                      "items": {
                        "type": "object",
                        "properties": {
                          "name": {
                            "type": "string"
                          },
                          "id": {
                            "type": "string"
                          },
                          "type": {
                            "type": "string"
                          },
                          "tags": {
                            "type": "object",
                            "properties": {
                              "primaryDeviceWidth": {
                                "type": "string"
                              },
                              "primaryDeviceHeight": {
                                "type": "string"
                              },
                              "sienaVersion": {
                                "type": "string"
                              },
                              "deviceCapabilities": {
                                "type": "string"
                              },
                              "supportsPortrait": {
                                "type": "string"
                              },
                              "supportsLandscape": {
                                "type": "string"
                              },
                              "primaryFormFactor": {
                                "type": "string"
                              },
                              "publisherVersion": {
                                "type": "string"
                              },
                              "minimumRequiredApiVersion": {
                                "type": "string"
                              },
                              "hasComponent": {
                                "type": "string"
                              },
                              "hasUnlockedComponent": {
                                "type": "string"
                              },
                              "isUnifiedRootApp": {
                                "type": "string"
                              }
                            }
                          },
                          "properties": {
                            "type": "object",
                            "properties": {
                              "appVersion": {
                                "type": "string"
                              },
                              "createdByClientVersion": {
                                "type": "object",
                                "properties": {
                                  "major": {
                                    "type": "integer"
                                  },
                                  "minor": {
                                    "type": "integer"
                                  },
                                  "build": {
                                    "type": "integer"
                                  },
                                  "revision": {
                                    "type": "integer"
                                  },
                                  "majorRevision": {
                                    "type": "integer"
                                  },
                                  "minorRevision": {
                                    "type": "integer"
                                  }
                                }
                              },
                              "minClientVersion": {
                                "type": "object",
                                "properties": {
                                  "major": {
                                    "type": "integer"
                                  },
                                  "minor": {
                                    "type": "integer"
                                  },
                                  "build": {
                                    "type": "integer"
                                  },
                                  "revision": {
                                    "type": "integer"
                                  },
                                  "majorRevision": {
                                    "type": "integer"
                                  },
                                  "minorRevision": {
                                    "type": "integer"
                                  }
                                }
                              },
                              "owner": {
                                "type": "object",
                                "properties": {
                                  "id": {
                                    "type": "string"
                                  },
                                  "displayName": {
                                    "type": "string"
                                  },
                                  "email": {
                                    "type": "string"
                                  },
                                  "type": {
                                    "type": "string"
                                  },
                                  "tenantId": {
                                    "type": "string"
                                  },
                                  "userPrincipalName": {
                                    "type": "string"
                                  }
                                }
                              },
                              "createdBy": {
                                "type": "object",
                                "properties": {
                                  "id": {
                                    "type": "string"
                                  },
                                  "displayName": {
                                    "type": "string"
                                  },
                                  "email": {
                                    "type": "string"
                                  },
                                  "type": {
                                    "type": "string"
                                  },
                                  "tenantId": {
                                    "type": "string"
                                  },
                                  "userPrincipalName": {
                                    "type": "string"
                                  }
                                }
                              },
                              "lastModifiedBy": {
                                "type": "object",
                                "properties": {
                                  "id": {
                                    "type": "string"
                                  },
                                  "displayName": {
                                    "type": "string"
                                  },
                                  "email": {
                                    "type": "string"
                                  },
                                  "type": {
                                    "type": "string"
                                  },
                                  "tenantId": {
                                    "type": "string"
                                  },
                                  "userPrincipalName": {
                                    "type": "string"
                                  }
                                }
                              },
                              "backgroundColor": {
                                "type": "string"
                              },
                              "backgroundImageUri": {
                                "type": "string"
                              },
                              "teamsColorIconUrl": {
                                "type": "string"
                              },
                              "teamsOutlineIconUrl": {
                                "type": "string"
                              },
                              "displayName": {
                                "type": "string"
                              },
                              "description": {
                                "type": "string"
                              },
                              "publisher": {
                                "type": "string"
                              },
                              "appUris": {
                                "type": "object",
                                "properties": {
                                  "documentUri": {
                                    "type": "object",
                                    "properties": {
                                      "value": {
                                        "type": "string"
                                      },
                                      "readonlyValue": {
                                        "type": "string"
                                      }
                                    }
                                  },
                                  "imageUris": {
                                    "type": "array"
                                  },
                                  "additionalUris": {
                                    "type": "array"
                                  }
                                }
                              },
                              "createdTime": {
                                "type": "string"
                              },
                              "lastModifiedTime": {
                                "type": "string"
                              },
                              "sharedGroupsCount": {
                                "type": "integer"
                              },
                              "sharedUsersCount": {
                                "type": "integer"
                              },
                              "appOpenProtocolUri": {
                                "type": "string"
                              },
                              "appOpenUri": {
                                "type": "string"
                              },
                              "appPlayUri": {
                                "type": "string"
                              },
                              "appPlayEmbeddedUri": {
                                "type": "string"
                              },
                              "appPlayTeamsUri": {
                                "type": "string"
                              },
                              "connectionReferences": {
                                "type": "array"
                              },
                              "authorizationReferences": {
                                "type": "array"
                              },
                              "databaseReferences": {
                                "type": "object",
                                "properties": {
                                  "default.cds": {
                                    "type": "object",
                                    "properties": {
                                      "databaseDetails": {
                                        "type": "object",
                                        "properties": {
                                          "referenceType": {
                                            "type": "string"
                                          },
                                          "environmentName": {
                                            "type": "string"
                                          },
                                          "overrideValues": {
                                            "type": "object",
                                            "properties": {
                                              "status": {
                                                "type": "string"
                                              }
                                            }
                                          },
                                          "linkedEnvironmentMetadata": {
                                            "type": "object",
                                            "properties": {
                                              "resourceId": {
                                                "type": "string"
                                              },
                                              "friendlyName": {
                                                "type": "string"
                                              },
                                              "uniqueName": {
                                                "type": "string"
                                              },
                                              "domainName": {
                                                "type": "string"
                                              },
                                              "version": {
                                                "type": "string"
                                              },
                                              "instanceUrl": {
                                                "type": "string"
                                              },
                                              "instanceApiUrl": {
                                                "type": "string"
                                              },
                                              "baseLanguage": {
                                                "type": "integer"
                                              },
                                              "instanceState": {
                                                "type": "string"
                                              },
                                              "createdTime": {
                                                "type": "string"
                                              },
                                              "platformSku": {
                                                "type": "string"
                                              }
                                            }
                                          }
                                        }
                                      },
                                      "dataSources": {
                                        "type": "object",
                                        "properties": {
                                          "Activities": {
                                            "type": "object",
                                            "properties": {
                                              "entitySetName": {
                                                "type": "string"
                                              },
                                              "logicalName": {
                                                "type": "string"
                                              }
                                            }
                                          }
                                        }
                                      }
                                    }
                                  }
                                }
                              },
                              "userAppMetadata": {
                                "type": "object",
                                "properties": {
                                  "favorite": {
                                    "type": "string"
                                  },
                                  "includeInAppsList": {
                                    "type": "boolean"
                                  }
                                }
                              },
                              "isFeaturedApp": {
                                "type": "boolean"
                              },
                              "bypassConsent": {
                                "type": "boolean"
                              },
                              "isHeroApp": {
                                "type": "boolean"
                              },
                              "environment": {
                                "type": "object",
                                "properties": {
                                  "id": {
                                    "type": "string"
                                  },
                                  "name": {
                                    "type": "string"
                                  },
                                  "location": {
                                    "type": "string"
                                  }
                                }
                              },
                              "almMode": {
                                "type": "string"
                              },
                              "performanceOptimizationEnabled": {
                                "type": "boolean"
                              },
                              "unauthenticatedWebPackageHint": {
                                "type": "string"
                              },
                              "canConsumeAppPass": {
                                "type": "boolean"
                              },
                              "enableModernRuntimeMode": {
                                "type": "boolean"
                              },
                              "executionRestrictions": {
                                "type": "object",
                                "properties": {
                                  "isTeamsOnly": {
                                    "type": "boolean"
                                  },
                                  "dataLossPreventionEvaluationResult": {
                                    "type": "object",
                                    "properties": {
                                      "status": {
                                        "type": "string"
                                      },
                                      "lastEvaluationDate": {
                                        "type": "string"
                                      },
                                      "violations": {
                                        "type": "array"
                                      },
                                      "violationsByPolicy": {
                                        "type": "array"
                                      },
                                      "violationErrorMessage": {
                                        "type": "string"
                                      }
                                    }
                                  }
                                }
                              },
                              "appPlanClassification": {
                                "type": "string"
                              },
                              "usesPremiumApi": {
                                "type": "boolean"
                              },
                              "usesOnlyGrandfatheredPremiumApis": {
                                "type": "boolean"
                              },
                              "usesCustomApi": {
                                "type": "boolean"
                              },
                              "usesOnPremiseGateway": {
                                "type": "boolean"
                              },
                              "usesPcfExternalServiceUsage": {
                                "type": "boolean"
                              },
                              "isCustomizable": {
                                "type": "boolean"
                              }
                            }
                          },
                          "logicalName": {
                            "type": "string"
                          },
                          "appLocation": {
                            "type": "string"
                          },
                          "isAppComponentLibrary": {
                            "type": "boolean"
                          },
                          "appType": {
                            "type": "string"
                          }
                        },
                        "required": [
                          "name",
                          "id",
                          "type",
                          "tags",
                          "properties",
                          "logicalName",
                          "appLocation",
                          "isAppComponentLibrary",
                          "appType"
                        ]
                      }
                    }
                  }
                }
              }
            }
          }
        },
        "Current_time": {
          "runAfter": {},
          "metadata": {
            "operationMetadataId": "3982a72d-eeb5-4ec6-9949-520a562727c7"
          },
          "type": "Expression",
          "kind": "CurrentTime",
          "inputs": {}
        },
        "Terminate": {
          "runAfter": {
            "Current_time": [
              "Succeeded"
            ]
          },
          "metadata": {
            "operationMetadataId": "8daac5a1-b71b-4109-bc15-31da422cbf03"
          },
          "type": "Terminate",
          "inputs": {
            "runStatus": "Succeeded"
          }
        }
      }
    },
    "templateName": ""
  },
  "schemaVersion": "1.0.0.0"
}