{
  "properties": {
    "connectionReferences": {
      "shared_powerappsforadmins": {
        "runtimeSource": "embedded",
        "connection": {
          "connectionReferenceLogicalName": "veh_sharedpowerappsforadmins_43792"
        },
        "api": {
          "name": "shared_powerappsforadmins"
        }
      },
      "shared_commondataserviceforapps": {
        "runtimeSource": "embedded",
        "connection": {
          "connectionReferenceLogicalName": "veh_sharedcommondataserviceforapps_b7b95"
        },
        "api": {
          "name": "shared_commondataserviceforapps"
        }
      },
      "shared_flowmanagement": {
        "runtimeSource": "embedded",
        "connection": {
          "connectionReferenceLogicalName": "admin_CoECorePowerAutomateManagement"
        },
        "api": {
          "name": "shared_flowmanagement"
        }
      }
    },
    "definition": {
      "$schema": "https://schema.management.azure.com/providers/Microsoft.Logic/schemas/2016-06-01/workflowdefinition.json#",
      "contentVersion": "1.0.0.0",
      "parameters": {
        "$connections": {
          "defaultValue": {},
          "type": "Object"
        },
        "$authentication": {
          "defaultValue": {},
          "type": "SecureObject"
        }
      },
      "triggers": {
        "When_a_row_is_added,_modified_or_deleted": {
          "metadata": {
            "operationMetadataId": "bf76f30e-08da-4b77-b668-19b9325bfd94"
          },
          "type": "OpenApiConnectionWebhook",
          "inputs": {
            "host": {
              "connectionName": "shared_commondataserviceforapps",
              "operationId": "SubscribeWebhookTrigger",
              "apiId": "/providers/Microsoft.PowerApps/apis/shared_commondataserviceforapps"
            },
            "parameters": {
              "subscriptionRequest/message": 4,
              "subscriptionRequest/entityname": "admin_environment",
              "subscriptionRequest/scope": 4
            },
            "authentication": "@parameters('$authentication')"
          }
        }
      },
      "actions": {
        "Initialize_variable_EnvId": {
          "runAfter": {
            "Initialize_variable_jsoncounter": [
              "Succeeded"
            ]
          },
          "metadata": {
            "operationMetadataId": "47542512-1195-4d60-ae44-958af54e056d"
          },
          "type": "InitializeVariable",
          "inputs": {
            "variables": [
              {
                "name": "EnvId",
                "type": "string",
                "value": "@triggerOutputs()?['body/admin_environmentname']"
              }
            ]
          },
          "description": "Using variable for when debugging is required"
        },
        "Initialize_variable_jsoncounter": {
          "runAfter": {
            "Initialize_variable_jsonstring": [
              "Succeeded"
            ]
          },
          "metadata": {
            "operationMetadataId": "893240a2-9940-4d9c-8571-63df9badb1af"
          },
          "type": "InitializeVariable",
          "inputs": {
            "variables": [
              {
                "name": "jsoncounter",
                "type": "integer",
                "value": 0
              }
            ]
          }
        },
        "Initialize_variable_jsonstring": {
          "runAfter": {},
          "metadata": {
            "operationMetadataId": "f1e43ebb-4aa8-4890-8d93-e3c84d8433f9"
          },
          "type": "InitializeVariable",
          "inputs": {
            "variables": [
              {
                "name": "jsonstring",
                "type": "string"
              }
            ]
          }
        },
        "Scope_Get_Connections": {
          "actions": {
            "Get_Connections_as_Admin": {
              "runAfter": {},
              "metadata": {
                "operationMetadataId": "1283f400-a587-4991-aa50-555f74ca3924"
              },
              "type": "OpenApiConnection",
              "inputs": {
                "host": {
                  "connectionName": "shared_powerappsforadmins",
                  "operationId": "Get-AdminConnections",
                  "apiId": "/providers/Microsoft.PowerApps/apis/shared_powerappsforadmins"
                },
                "parameters": {
                  "environment": "@variables('EnvId')",
                  "api-version": "2016-11-01",
                  "$top": 250
                },
                "authentication": "@parameters('$authentication')"
              },
              "description": "Get all connections from the passed in Environment",
              "runtimeConfiguration": {
                "paginationPolicy": {
                  "minimumItemCount": 100000
                }
              }
            },
            "Apply_to_each_Parse_JSON": {
              "foreach": "@outputs('Get_Connections_as_Admin')?['body/value']",
              "actions": {
                "Condition_Has_Data_Gateway_Propertycheck": {
                  "actions": {
                    "Append_to_array_variable_arrayConnections": {
                      "runAfter": {},
                      "metadata": {
                        "operationMetadataId": "ceca97a0-bf0f-482b-860d-01fad96ab408"
                      },
                      "type": "AppendToArrayVariable",
                      "inputs": {
                        "name": "arrayConnections",
                        "value": {
                          "name": "@{items('Apply_to_each_Parse_JSON')?['name']}",
                          "displayName": "@{items('Apply_to_each_Parse_JSON')?['properties']?['displayName']}",
                          "gatewayid": "@{items('Apply_to_each_Parse_JSON')?['properties']?['connectionParametersSet']?['values']?['gateway']?['value']?['gatewayObjectid']}",
                          "server": "@{items('Apply_to_each_Parse_JSON')?['properties']?['connectionParametersSet']?['values']?['server']?['value']}",
                          "database": "@{items('Apply_to_each_Parse_JSON')?['properties']?['connectionParametersSet']?['values']?['database']?['value']}"
                        }
                      }
                    }
                  },
                  "runAfter": {},
                  "expression": {
                    "and": [
                      {
                        "not": {
                          "equals": [
                            "@items('Apply_to_each_Parse_JSON')?['properties']?['connectionParametersSet']?['values']?['gateway']?['value']?['gatewayObjectid']",
                            "@null"
                          ]
                        }
                      },
                      {
                        "not": {
                          "equals": [
                            "@items('Apply_to_each_Parse_JSON')?['properties']?['connectionParametersSet']?['values']?['server']?['value']",
                            "@null"
                          ]
                        }
                      },
                      {
                        "not": {
                          "equals": [
                            "@items('Apply_to_each_Parse_JSON')?['properties']?['connectionParametersSet']?['values']?['database']?['value']",
                            "@null"
                          ]
                        }
                      }
                    ]
                  },
                  "metadata": {
                    "operationMetadataId": "3f058054-602d-4fd0-9050-95dd31ea041b"
                  },
                  "type": "If",
                  "description": "Check if the connection has a Data Gateway on it"
                }
              },
              "runAfter": {
                "Get_Connections_as_Admin": [
                  "Succeeded"
                ]
              },
              "metadata": {
                "operationMetadataId": "38593be6-d0a4-4a33-8e9c-520ca17fa806"
              },
              "type": "Foreach"
            },
            "Compose__show_arrayConnections": {
              "runAfter": {
                "Apply_to_each_Parse_JSON": [
                  "Succeeded"
                ]
              },
              "metadata": {
                "operationMetadataId": "fddc9167-9380-45d6-a668-34294689ce47"
              },
              "type": "Compose",
              "inputs": "@variables('arrayConnections')"
            }
          },
          "runAfter": {
            "Terminate": [
              "Succeeded"
            ]
          },
          "metadata": {
            "operationMetadataId": "c7ea8945-fef7-44b2-ae09-23edd7f996ee"
          },
          "type": "Scope"
        },
        "Initialize_variable_arrayConnections": {
          "runAfter": {
            "Initialize_variable_arrayDataGateways": [
              "Succeeded"
            ]
          },
          "metadata": {
            "operationMetadataId": "dedd1f13-88a9-4ff5-93bd-5d864f8a86ba"
          },
          "type": "InitializeVariable",
          "inputs": {
            "variables": [
              {
                "name": "arrayConnections",
                "type": "array"
              }
            ]
          }
        },
        "Initialize_variable_arrayFlows": {
          "runAfter": {
            "Initialize_variable_arrayConnections": [
              "Succeeded"
            ]
          },
          "metadata": {
            "operationMetadataId": "39fb4069-64ff-44c4-9b90-b011435a7b5d"
          },
          "type": "InitializeVariable",
          "inputs": {
            "variables": [
              {
                "name": "arrayFlows",
                "type": "array"
              }
            ]
          }
        },
        "Initialize_variable_arrayApps": {
          "runAfter": {
            "Initialize_variable_arrayFlows": [
              "Succeeded"
            ]
          },
          "metadata": {
            "operationMetadataId": "fcc2d5f1-20bb-436e-848d-e46c6d9fb656"
          },
          "type": "InitializeVariable",
          "inputs": {
            "variables": [
              {
                "name": "arrayApps",
                "type": "array"
              }
            ]
          }
        },
        "what_is_arrayConnections": {
          "runAfter": {
            "what_is_arrayFlows": [
              "Succeeded"
            ]
          },
          "metadata": {
            "operationMetadataId": "64d3dfb5-5ee5-4de2-8e14-25de540a274c"
          },
          "type": "Compose",
          "inputs": "@variables('arrayConnections')"
        },
        "what_is_arrayFlows": {
          "runAfter": {
            "Terminate_3": [
              "Succeeded"
            ]
          },
          "metadata": {
            "operationMetadataId": "9dec57a4-b676-4607-accf-87db7d014b55"
          },
          "type": "Compose",
          "inputs": "@variables('arrayFlows')"
        },
        "Scope_Get_COE_Data_Gateway_Recs": {
          "actions": {
            "List_rows_Data_Gateways": {
              "runAfter": {},
              "metadata": {
                "operationMetadataId": "6c816927-841e-4ac4-924b-1483c32d0a84"
              },
              "type": "OpenApiConnection",
              "inputs": {
                "host": {
                  "connectionName": "shared_commondataserviceforapps",
                  "operationId": "ListRecords",
                  "apiId": "/providers/Microsoft.PowerApps/apis/shared_commondataserviceforapps"
                },
                "parameters": {
                  "entityName": "veh_onpremisesdatagatewaies",
                  "$filter": "statecode eq 0"
                },
                "authentication": "@parameters('$authentication')"
              },
              "runtimeConfiguration": {
                "paginationPolicy": {
                  "minimumItemCount": 100000
                }
              }
            },
            "Apply_to_each_Data_Gateway": {
              "foreach": "@outputs('List_rows_Data_Gateways')?['body/value']",
              "actions": {
                "Append_to_array_variable_arrayDataGateways": {
                  "runAfter": {},
                  "metadata": {
                    "operationMetadataId": "a4343dc8-6ae1-4822-b616-341e709fe40d"
                  },
                  "type": "AppendToArrayVariable",
                  "inputs": {
                    "name": "arrayDataGateways",
                    "value": {
                      "recordid": "@{item()?['veh_onpremisesdatagatewayid']}",
                      "gatewayid": "@item()?['veh_datagatewayid']"
                    }
                  }
                }
              },
              "runAfter": {
                "List_rows_Data_Gateways": [
                  "Succeeded"
                ]
              },
              "metadata": {
                "operationMetadataId": "29a01b53-7058-4e42-a4f1-808a6cd1e871"
              },
              "type": "Foreach"
            },
            "Compose_show_arrayDataGateways": {
              "runAfter": {
                "Apply_to_each_Data_Gateway": [
                  "Succeeded"
                ]
              },
              "metadata": {
                "operationMetadataId": "a0ce5eda-d529-4cde-b7ab-9fcbde3dc2c0"
              },
              "type": "Compose",
              "inputs": "@variables('arrayDataGateways')"
            }
          },
          "runAfter": {
            "Initialize_variable_arrayApps": [
              "Succeeded"
            ]
          },
          "metadata": {
            "operationMetadataId": "a410218a-fec6-4a82-9759-fbad4f248e38"
          },
          "type": "Scope"
        },
        "Initialize_variable_arrayDataGateways": {
          "runAfter": {
            "Initialize_variable_EnvId_ConnRefs": [
              "Succeeded"
            ]
          },
          "metadata": {
            "operationMetadataId": "506b91fd-8e0b-43d5-9dbc-e73fcaf80ebc"
          },
          "type": "InitializeVariable",
          "inputs": {
            "variables": [
              {
                "name": "arrayDataGateways",
                "type": "array"
              }
            ]
          }
        },
        "Terminate_3": {
          "runAfter": {
            "Scope_Update_Conn_Refs_Flows": [
              "Succeeded"
            ]
          },
          "metadata": {
            "operationMetadataId": "6b840517-536a-477d-9443-2bfa1b8a104e"
          },
          "type": "Terminate",
          "inputs": {
            "runStatus": "Succeeded"
          }
        },
        "Scope_Get_Apps": {
          "actions": {
            "Get_Apps_as_Admin": {
              "runAfter": {},
              "metadata": {
                "operationMetadataId": "58e4faa6-f115-4fc4-bc49-b021151f823c"
              },
              "type": "OpenApiConnection",
              "inputs": {
                "host": {
                  "connectionName": "shared_powerappsforadmins",
                  "operationId": "Get-AdminApps",
                  "apiId": "/providers/Microsoft.PowerApps/apis/shared_powerappsforadmins"
                },
                "parameters": {
                  "environment": "@variables('EnvId')",
                  "api-version": "2016-11-01",
                  "$top": 250
                },
                "authentication": "@parameters('$authentication')"
              },
              "runtimeConfiguration": {
                "paginationPolicy": {
                  "minimumItemCount": 100000
                }
              }
            },
            "Apply_to_each_App": {
              "foreach": "@outputs('Get_Apps_as_Admin')?['body/value']",
              "actions": {
                "Condition_Conn_Refs_Is_Not_Null": {
                  "actions": {
                    "Apply_to_each_App_Conn_Ref": {
                      "foreach": "@items('Apply_to_each_App')?['properties/connectionReferences']",
                      "actions": {
                        "If_connectionReferencesExist": {
                          "actions": {
                            "Filter_array_arrayConnAppConnRefs": {
                              "runAfter": {},
                              "metadata": {
                                "operationMetadataId": "b9fa8a5c-3280-4e03-b278-b9fcc088febf"
                              },
                              "type": "Query",
                              "inputs": {
                                "from": "@variables('arrayConnections')",
                                "where": "@contains(items('Apply_to_each_App_Conn_Ref')?['sharedConnectionId'], item()['name'])"
                              }
                            },
                            "Apply_to_each_FilteredArrayConnAppConnRefs": {
                              "foreach": "@Body('Filter_array_arrayConnAppConnRefs')",
                              "actions": {
                                "Append_to_array_arrayApps": {
                                  "runAfter": {},
                                  "metadata": {
                                    "operationMetadataId": "6b5e5c22-7154-420f-bbb9-c493f0d8e077"
                                  },
                                  "type": "AppendToArrayVariable",
                                  "inputs": {
                                    "name": "arrayApps",
                                    "value": {
                                      "appid": "@{items('Apply_to_each_App')?['name']}",
                                      "connectionName": "@{items('Apply_to_each_FilteredArrayConnAppConnRefs')?['name']}",
                                      "connectionNameSharedConnId": "@{items('Apply_to_each_App_Conn_Ref')?['sharedConnectionId']}",
                                      "connectionDisplayName": "@{items('Apply_to_each_App_Conn_Ref')?['displayName']}",
                                      "gatewayid": "@{items('Apply_to_each_FilteredArrayConnAppConnRefs')?['gatewayid']}",
                                      "gatewayserver": "@{items('Apply_to_each_FilteredArrayConnAppConnRefs')?['server']}",
                                      "gatewaydatabase": "@{items('Apply_to_each_FilteredArrayConnAppConnRefs')?['database']}"
                                    }
                                  }
                                }
                              },
                              "runAfter": {
                                "Filter_array_arrayConnAppConnRefs": [
                                  "Succeeded"
                                ]
                              },
                              "metadata": {
                                "operationMetadataId": "93a1ff14-c695-47c0-8769-b465505dc76b"
                              },
                              "type": "Foreach"
                            }
                          },
                          "runAfter": {},
                          "expression": {
                            "and": [
                              {
                                "not": {
                                  "equals": [
                                    "@items('Apply_to_each_App_Conn_Ref')?['sharedConnectionId']",
                                    "@null"
                                  ]
                                }
                              },
                              {
                                "equals": [
                                  "",
                                  ""
                                ]
                              }
                            ]
                          },
                          "metadata": {
                            "operationMetadataId": "ebda9d99-f394-43fd-9ab3-d5556c8a989a"
                          },
                          "type": "If"
                        }
                      },
                      "runAfter": {},
                      "metadata": {
                        "operationMetadataId": "ded8b025-aa14-4f47-ac75-dc201f62fe49"
                      },
                      "type": "Foreach"
                    }
                  },
                  "runAfter": {},
                  "expression": {
                    "not": {
                      "equals": [
                        "@items('Apply_to_each_App')?['properties/connectionReferences'] ",
                        "@null"
                      ]
                    }
                  },
                  "metadata": {
                    "operationMetadataId": "b86bbec0-ba8a-4fff-8b2c-693708daf19d"
                  },
                  "type": "If"
                }
              },
              "runAfter": {
                "Get_Apps_as_Admin": [
                  "Succeeded"
                ]
              },
              "metadata": {
                "operationMetadataId": "6e5fbb00-0b49-4950-a3ff-2b69f2f6b52f"
              },
              "type": "Foreach"
            },
            "Compose_arrayApps": {
              "runAfter": {
                "Apply_to_each_App": [
                  "Succeeded"
                ]
              },
              "metadata": {
                "operationMetadataId": "54e05d62-5707-4174-aebc-317ef6990964"
              },
              "type": "Compose",
              "inputs": "@variables('arrayApps')"
            }
          },
          "runAfter": {
            "Scope_Get_Connections": [
              "Succeeded"
            ]
          },
          "metadata": {
            "operationMetadataId": "55972658-eb5d-46f7-80ec-6f9d12da4d85"
          },
          "type": "Scope"
        },
        "Scope_Update_Conn_Refs_Apps": {
          "actions": {
            "Apply_to_each_arrayApps": {
              "foreach": "@variables('arrayApps')",
              "actions": {
                "List_rows_COEAppConRefs": {
                  "runAfter": {},
                  "metadata": {
                    "operationMetadataId": "5e88ad20-8b78-469b-b615-1920f7895522"
                  },
                  "type": "OpenApiConnection",
                  "inputs": {
                    "host": {
                      "connectionName": "shared_commondataserviceforapps",
                      "operationId": "ListRecords",
                      "apiId": "/providers/Microsoft.PowerApps/apis/shared_commondataserviceforapps"
                    },
                    "parameters": {
                      "entityName": "admin_connectionreferences",
                      "fetchXml": "<fetch version=\"1.0\" output-format=\"xml-platform\" mapping=\"logical\" distinct=\"false\" >\n    <entity name=\"admin_connectionreference\" >\n        <attribute name=\"admin_displayname\" />\n        <attribute name=\"admin_connectionreferenceid\" />\n        <attribute name=\"admin_connector\" />\n        <order attribute=\"admin_displayname\" descending=\"false\" />\n        <filter type=\"and\" >\n            <condition attribute=\"statecode\" operator=\"eq\" value=\"0\" />\n            <condition attribute=\"admin_app\" operator=\"not-null\" />\n            <condition attribute=\"admin_displayname\" operator=\"eq\" value=\"@{items('Apply_to_each_arrayApps')?['connectionDisplayName']}\" />\n        </filter>\n        <link-entity name=\"admin_app\" from=\"admin_appid\" to=\"admin_app\" link-type=\"inner\" alias=\"af\" >\n            <filter type=\"and\" >\n                <condition attribute=\"admin_appenvironment\" operator=\"eq\" uitype=\"admin_environment\" value=\"{@{variables('EnvId_ConnRefs')}}\" />\n                <condition attribute=\"admin_appid\" operator=\"eq\" uitype=\"admin_app\" value=\"{@{items('Apply_to_each_arrayApps')?['appid']}}\" />\n            </filter>\n        </link-entity>\n        <link-entity name=\"admin_app\" from=\"admin_appid\" to=\"admin_app\" visible=\"false\" link-type=\"outer\" alias=\"ab\" >\n            <attribute name=\"admin_appenvironment\" />\n            <attribute name=\"admin_displayname\" />\n        </link-entity>\n    </entity>\n</fetch>"
                    },
                    "authentication": "@parameters('$authentication')"
                  },
                  "runtimeConfiguration": {
                    "paginationPolicy": {
                      "minimumItemCount": 100000
                    }
                  }
                },
                "Apply_to_each_COEAppConRefs": {
                  "foreach": "@outputs('List_rows_COEAppConRefs')?['body/value']",
                  "actions": {
                    "Filter_array_arrayDataGateways_Apps": {
                      "runAfter": {},
                      "metadata": {
                        "operationMetadataId": "5dd80d17-2f1e-4764-82a0-dda8d34876bd"
                      },
                      "type": "Query",
                      "inputs": {
                        "from": "@variables('arrayDataGateways')",
                        "where": "@equals(item()['gatewayid'], items('Apply_to_each_arrayApps')?['gatewayid'])"
                      }
                    },
                    "Update_a_row_COE_Conn_Ref_App": {
                      "runAfter": {
                        "Compose_show_arrayDataGateway_Apps": [
                          "Succeeded"
                        ]
                      },
                      "metadata": {
                        "operationMetadataId": "928fedef-6c25-4ec5-b2ca-543242ee6c79"
                      },
                      "type": "OpenApiConnection",
                      "inputs": {
                        "host": {
                          "connectionName": "shared_commondataserviceforapps",
                          "operationId": "UpdateRecord",
                          "apiId": "/providers/Microsoft.PowerApps/apis/shared_commondataserviceforapps"
                        },
                        "parameters": {
                          "entityName": "admin_connectionreferences",
                          "recordId": "@items('Apply_to_each_COEAppConRefs')?['admin_connectionreferenceid']",
                          "item/veh_OnpremisesDataGateway@odata.bind": "veh_onpremisesdatagatewaies(@{Body('Filter_array_arrayDataGateways_Apps')[0]['recordid']})",
                          "item/veh_onpremisesdatabasename": "@items('Apply_to_each_arrayApps')?['gatewaydatabase']",
                          "item/veh_onpremisesservername": "@items('Apply_to_each_arrayApps')?['gatewayserver']"
                        },
                        "authentication": "@parameters('$authentication')"
                      }
                    },
                    "Compose_show_arrayDataGateway_Apps": {
                      "runAfter": {
                        "Filter_array_arrayDataGateways_Apps": [
                          "Succeeded"
                        ]
                      },
                      "metadata": {
                        "operationMetadataId": "54644b73-7aca-4fbb-9faf-8f0f20673b6d"
                      },
                      "type": "Compose",
                      "inputs": "@body('Filter_array_arrayDataGateways_Apps')"
                    }
                  },
                  "runAfter": {
                    "List_rows_COEAppConRefs": [
                      "Succeeded"
                    ]
                  },
                  "metadata": {
                    "operationMetadataId": "f3f9540e-6306-4d97-bde8-d64d3ba7d18b"
                  },
                  "type": "Foreach"
                }
              },
              "runAfter": {},
              "metadata": {
                "operationMetadataId": "c4db6d2f-1e23-4292-94df-309e5d666a17"
              },
              "type": "Foreach"
            }
          },
          "runAfter": {
            "Scope_Get_Apps": [
              "Succeeded"
            ]
          },
          "metadata": {
            "operationMetadataId": "40bc4ff2-4bc8-4b79-b5c8-25c701d74eb2"
          },
          "type": "Scope"
        },
        "Initialize_variable_EnvId_ConnRefs": {
          "runAfter": {
            "Initialize_variable_EnvId": [
              "Succeeded"
            ]
          },
          "metadata": {
            "operationMetadataId": "d5d20eb8-cfaf-4195-8fd0-e5a6ac872623"
          },
          "type": "InitializeVariable",
          "inputs": {
            "variables": [
              {
                "name": "EnvId_ConnRefs",
                "type": "string",
                "value": "@{replace(variables('EnvId'),'Default-','')}"
              }
            ]
          },
          "description": "COE TK Conn Ref records can't use Default Env Id name as is, must remove Default- from string"
        },
        "Scope_Get_Flows": {
          "actions": {
            "List_Flows_as_Admin_(V2)": {
              "runAfter": {},
              "metadata": {
                "operationMetadataId": "cd35de12-e3dc-4a0c-afab-8dc584fef2d9"
              },
              "type": "OpenApiConnection",
              "inputs": {
                "host": {
                  "connectionName": "shared_flowmanagement",
                  "operationId": "ListFlowsInEnvironment_V2",
                  "apiId": "/providers/Microsoft.PowerApps/apis/shared_flowmanagement"
                },
                "parameters": {
                  "environmentName": "@variables('EnvId')"
                },
                "authentication": "@parameters('$authentication')"
              },
              "runtimeConfiguration": {
                "paginationPolicy": {
                  "minimumItemCount": 100000
                }
              }
            },
            "Apply_to_each_Listed_Flow": {
              "foreach": "@outputs('List_Flows_as_Admin_(V2)')?['body/value']",
              "actions": {
                "Get_Flow_as_Admin": {
                  "runAfter": {},
                  "metadata": {
                    "operationMetadataId": "bdb9f5fe-f12f-4512-abd3-3b7ef1c9cb65"
                  },
                  "type": "OpenApiConnection",
                  "inputs": {
                    "host": {
                      "connectionName": "shared_flowmanagement",
                      "operationId": "AdminGetFlow",
                      "apiId": "/providers/Microsoft.PowerApps/apis/shared_flowmanagement"
                    },
                    "parameters": {
                      "environmentName": "@variables('EnvId')",
                      "flowName": "@items('Apply_to_each_Listed_Flow')?['name']"
                    },
                    "authentication": "@parameters('$authentication')"
                  }
                },
                "Apply_to_each_Connection_in_Flow": {
                  "foreach": "@outputs('Get_Flow_as_Admin')?['body/properties/connectionReferences']",
                  "actions": {
                    "Filter_array": {
                      "runAfter": {},
                      "metadata": {
                        "operationMetadataId": "f5850f7d-6553-48f0-86a1-e8053015761c"
                      },
                      "type": "Query",
                      "inputs": {
                        "from": "@variables('arrayConnections')",
                        "where": "@equals(item()['name'], items('Apply_to_each_Connection_in_Flow')?['connectionName'])"
                      }
                    },
                    "Apply_to_each_connectionRef": {
                      "foreach": "@Body('Filter_array')",
                      "actions": {
                        "Append_to_array_variable_arrayFlow": {
                          "runAfter": {},
                          "metadata": {
                            "operationMetadataId": "98c68675-d26b-479b-bfff-5aa6583b4c48"
                          },
                          "type": "AppendToArrayVariable",
                          "inputs": {
                            "name": "arrayFlows",
                            "value": {
                              "flowid": "@{outputs('Get_Flow_as_Admin')?['body/name']}",
                              "connectionName": "@{items('Apply_to_each_Connection_in_Flow')?['connectionName']}",
                              "connectionDisplayName": "@{items('Apply_to_each_Connection_in_Flow')?['displayName']}",
                              "gatewayid": "@{items('Apply_to_each_connectionRef')['gatewayid']}",
                              "gatewayserver": "@{items('Apply_to_each_connectionRef')['server']}",
                              "gatewaydatabase": "@{items('Apply_to_each_connectionRef')['database']}"
                            }
                          }
                        }
                      },
                      "runAfter": {
                        "Filter_array": [
                          "Succeeded"
                        ]
                      },
                      "metadata": {
                        "operationMetadataId": "f94a2342-c653-4d3a-8893-5b3e52a5fc81"
                      },
                      "type": "Foreach"
                    }
                  },
                  "runAfter": {
                    "Get_Flow_as_Admin": [
                      "Succeeded"
                    ]
                  },
                  "metadata": {
                    "operationMetadataId": "121c2e16-c7ba-4eb3-86b7-58807a7e86ff"
                  },
                  "type": "Foreach"
                }
              },
              "runAfter": {
                "List_Flows_as_Admin_(V2)": [
                  "Succeeded"
                ]
              },
              "metadata": {
                "operationMetadataId": "c6a9bb90-3b7f-4e17-81d2-71d9f5704d73"
              },
              "type": "Foreach"
            }
          },
          "runAfter": {
            "Scope_Update_Conn_Refs_Apps": [
              "Succeeded"
            ]
          },
          "metadata": {
            "operationMetadataId": "0e6eb85b-a9d4-4b1e-ad29-814001bab3e2"
          },
          "type": "Scope"
        },
        "Scope_Update_Conn_Refs_Flows": {
          "actions": {
            "Apply_to_each_arrayFlow": {
              "foreach": "@variables('arrayFlows')",
              "actions": {
                "List_rows_COE_Conn_Refs": {
                  "runAfter": {},
                  "metadata": {
                    "operationMetadataId": "11babf5f-b56f-470b-aece-2d8a54a7d9e8"
                  },
                  "type": "OpenApiConnection",
                  "inputs": {
                    "host": {
                      "connectionName": "shared_commondataserviceforapps",
                      "operationId": "ListRecords",
                      "apiId": "/providers/Microsoft.PowerApps/apis/shared_commondataserviceforapps"
                    },
                    "parameters": {
                      "entityName": "admin_connectionreferences",
                      "fetchXml": "<fetch version=\"1.0\" output-format=\"xml-platform\" mapping=\"logical\" distinct=\"false\">\n<entity name=\"admin_connectionreference\">\n<attribute name=\"admin_displayname\"/>\n<attribute name=\"admin_connectionreferenceid\"/>\n<attribute name=\"admin_flow\"/>\n<attribute name=\"admin_connector\"/>\n<attribute name=\"admin_connectioncreated\"/>\n<order attribute=\"admin_displayname\" descending=\"false\"/>\n<filter type=\"and\">\n<condition attribute=\"statecode\" operator=\"eq\" value=\"0\"/>\n<condition attribute=\"admin_flow\" operator=\"not-null\"/>\n<condition attribute=\"admin_displayname\" operator=\"eq\" value=\"@{items('Apply_to_each_arrayFlow')?['connectionDisplayName']}\"/>\n</filter>\n<link-entity name=\"admin_flow\" from=\"admin_flowid\" to=\"admin_flow\" link-type=\"inner\" alias=\"ab\">\n<attribute name=\"admin_flowcreator\"/>\n<attribute name=\"admin_flowenvironment\"/>\n<filter type=\"and\">\n<condition attribute=\"admin_flowenvironment\" operator=\"eq\"  uitype=\"admin_environment\" value=\"{@{variables('EnvId_ConnRefs')}}\"/>\n<condition attribute=\"admin_flowid\" operator=\"eq\" uitype=\"admin_flow\" value=\"{@{items('Apply_to_each_arrayFlow')?['flowid']}}\"/>\n</filter>\n</link-entity>\n</entity>\n</fetch>"
                    },
                    "authentication": "@parameters('$authentication')"
                  },
                  "runtimeConfiguration": {
                    "paginationPolicy": {
                      "minimumItemCount": 100000
                    }
                  }
                },
                "Apply_to_each_COE_Conn_Refs": {
                  "foreach": "@outputs('List_rows_COE_Conn_Refs')?['body/value']",
                  "actions": {
                    "Filter_array_arrayDataGateways": {
                      "runAfter": {},
                      "metadata": {
                        "operationMetadataId": "5dd80d17-2f1e-4764-82a0-dda8d34876bd"
                      },
                      "type": "Query",
                      "inputs": {
                        "from": "@variables('arrayDataGateways')",
                        "where": "@equals(item()['gatewayid'], items('Apply_to_each_arrayFlow')?['gatewayid'])"
                      }
                    },
                    "Update_a_row_COE_Conn_Ref": {
                      "runAfter": {
                        "Filter_array_arrayDataGateways": [
                          "Succeeded"
                        ]
                      },
                      "metadata": {
                        "operationMetadataId": "928fedef-6c25-4ec5-b2ca-543242ee6c79"
                      },
                      "type": "OpenApiConnection",
                      "inputs": {
                        "host": {
                          "connectionName": "shared_commondataserviceforapps",
                          "operationId": "UpdateRecord",
                          "apiId": "/providers/Microsoft.PowerApps/apis/shared_commondataserviceforapps"
                        },
                        "parameters": {
                          "entityName": "admin_connectionreferences",
                          "recordId": "@items('Apply_to_each_COE_Conn_Refs')?['admin_connectionreferenceid']",
                          "item/veh_OnpremisesDataGateway@odata.bind": "veh_onpremisesdatagatewaies(@{Body('Filter_array_arrayDataGateways')[0]['recordid']})",
                          "item/veh_onpremisesdatabasename": "@items('Apply_to_each_arrayFlow')?['gatewaydatabase']",
                          "item/veh_onpremisesservername": "@items('Apply_to_each_arrayFlow')?['gatewayserver']"
                        },
                        "authentication": "@parameters('$authentication')"
                      }
                    }
                  },
                  "runAfter": {
                    "List_rows_COE_Conn_Refs": [
                      "Succeeded"
                    ]
                  },
                  "metadata": {
                    "operationMetadataId": "399ff9a9-ec3b-4361-80fc-a37eccbe7684"
                  },
                  "type": "Foreach"
                }
              },
              "runAfter": {},
              "metadata": {
                "operationMetadataId": "a2e34a18-743a-45fa-8f2e-231bbf12b109"
              },
              "type": "Foreach"
            }
          },
          "runAfter": {
            "Scope_Get_Flows": [
              "Succeeded"
            ]
          },
          "metadata": {
            "operationMetadataId": "3449b7f5-9a33-4cba-a014-837ea269c0e5"
          },
          "type": "Scope"
        },
        "Scope_Get_Connections_Array": {
          "actions": {
            "Get_Connections_as_Admin-": {
              "runAfter": {},
              "metadata": {
                "operationMetadataId": "1283f400-a587-4991-aa50-555f74ca3924"
              },
              "type": "OpenApiConnection",
              "inputs": {
                "host": {
                  "connectionName": "shared_powerappsforadmins",
                  "operationId": "Get-AdminConnections",
                  "apiId": "/providers/Microsoft.PowerApps/apis/shared_powerappsforadmins"
                },
                "parameters": {
                  "environment": "@variables('EnvId')",
                  "api-version": "2016-11-01",
                  "$top": 250
                },
                "authentication": "@parameters('$authentication')"
              },
              "description": "Get all connections from the passed in Environment",
              "runtimeConfiguration": {
                "paginationPolicy": {
                  "minimumItemCount": 100000
                }
              }
            },
            "Select_arrayGOI": {
              "runAfter": {
                "Get_Connections_as_Admin-": [
                  "Succeeded"
                ]
              },
              "metadata": {
                "operationMetadataId": "5662e454-00d9-4c01-b567-6c97d8457c10"
              },
              "type": "Select",
              "inputs": {
                "from": "@outputs('Get_Connections_As_Admin-')['body/value']",
                "select": {
                  "name": "@item()?['name']",
                  "displayName": "@item()?['properties']?['displayName']",
                  "gatewayId": "@item()?['properties']?['connectionParametersSet']?['values']?['gateway']?['value']?['gatewayObjectid']",
                  "server": "@item()?['properties']?['connectionParametersSet']?['values']?['server']?['value']",
                  "database": "@item()?['properties']?['connectionParametersSet']?['values']?['database']?['value']"
                }
              }
            },
            "arrayGOI": {
              "runAfter": {
                "Select_arrayGOI": [
                  "Succeeded"
                ]
              },
              "metadata": {
                "operationMetadataId": "2640d7b4-8554-4c15-a71f-cd96065a3d81"
              },
              "type": "Query",
              "inputs": {
                "from": "@body('Select_arrayGOI')",
                "where": "@not(equals(item()?['gatewayId'], null))"
              }
            }
          },
          "runAfter": {
            "Scope_Get_COE_Data_Gateway_Recs": [
              "Succeeded"
            ]
          },
          "metadata": {
            "operationMetadataId": "4df01c38-29c2-4f9d-ace8-07a155d9945e"
          },
          "type": "Scope"
        },
        "Terminate": {
          "runAfter": {
            "Scope_Get_App_Connections_Array": [
              "Succeeded"
            ]
          },
          "metadata": {
            "operationMetadataId": "8352ebab-e3c3-4c95-bb9d-a52f17322ce5"
          },
          "type": "Terminate",
          "inputs": {
            "runStatus": "Succeeded"
          }
        },
        "Scope_Get_App_Connections_Array": {
          "actions": {
            "Get_Apps_as_Admin-": {
              "runAfter": {},
              "metadata": {
                "operationMetadataId": "6ac3b99e-724d-4cec-b3d6-8d43a723d044"
              },
              "type": "OpenApiConnection",
              "inputs": {
                "host": {
                  "connectionName": "shared_powerappsforadmins",
                  "operationId": "Get-AdminApps",
                  "apiId": "/providers/Microsoft.PowerApps/apis/shared_powerappsforadmins"
                },
                "parameters": {
                  "environment": "@variables('EnvId')",
                  "api-version": "2016-11-01",
                  "$top": 250
                },
                "authentication": "@parameters('$authentication')"
              }
            },
            "Select_arrayAppConns": {
              "runAfter": {
                "Get_Apps_as_Admin-": [
                  "Succeeded"
                ]
              },
              "metadata": {
                "operationMetadataId": "525fda42-4226-4279-abe7-5ce2be46676d"
              },
              "type": "Select",
              "inputs": {
                "from": "@outputs('Get_Apps_as_Admin-')?['body/value']",
                "select": {
                  "appid": "@item()?['name']",
                  "connectionDisplayName": "@item()?['properties']?['connectionReferences']?['displayName']",
                  "connectionNameSharedConnId": "@item()?['properties']?['connectionReferences']?['sharedConnectionId']"
                }
              }
            },
            "Apply_to_each_arrayGOI": {
              "foreach": "@body('arrayGOI')",
              "actions": {
                "Filter_array_arrayAppConns": {
                  "runAfter": {},
                  "metadata": {
                    "operationMetadataId": "b341efc8-ec90-4791-a917-543bed081079"
                  },
                  "type": "Query",
                  "inputs": {
                    "from": "@body('Select_arrayAppConns')",
                    "where": "@contains(item()?['sharedConnectionId'], items('Apply_to_each_arrayGOI')?['name'])"
                  },
                  "description": "Filter (i.e. find) the App Connections that use this connection"
                },
                "Apply_to_each_arrayAppConns": {
                  "foreach": "@body('Filter_array_arrayAppConns')",
                  "actions": {
                    "Append_to_arrayApps-": {
                      "runAfter": {},
                      "metadata": {
                        "operationMetadataId": "dae50dcf-b876-4919-991a-d9806b43c06c"
                      },
                      "type": "AppendToArrayVariable",
                      "inputs": {
                        "name": "arrayApps",
                        "value": {
                          "appid": "@{item()?['name']}",
                          "connectionName": "@{items('Apply_to_each_arrayGOI')?['name']}",
                          "connectionNameSharedConnId": "@{item()?['connectionNameSharedConnId']}",
                          "connectionDisplayName": "@{item()?['connectionDisplayName']}",
                          "gatewayid": "@{items('Apply_to_each_arrayGOI')?['gatewayId']}",
                          "gatewayserver": "@{items('Apply_to_each_arrayGOI')?['server']}",
                          "gatewaydatabase": "@{items('Apply_to_each_arrayGOI')?['database']}"
                        }
                      }
                    }
                  },
                  "runAfter": {
                    "Filter_array_arrayAppConns": [
                      "Succeeded"
                    ]
                  },
                  "metadata": {
                    "operationMetadataId": "737f1cf6-39b7-4d78-a995-d63e680d6ba0"
                  },
                  "type": "Foreach",
                  "description": "For each App that uses this Connection, append it to arrayApps"
                }
              },
              "runAfter": {
                "Select_arrayAppConns": [
                  "Succeeded"
                ]
              },
              "metadata": {
                "operationMetadataId": "6a65a4d8-3966-4be4-9312-801e806358eb"
              },
              "type": "Foreach",
              "description": "For each Connection with a Data Gateway (array ArrayGOI)"
            },
            "Compose": {
              "runAfter": {
                "Apply_to_each_arrayGOI": [
                  "Succeeded"
                ]
              },
              "metadata": {
                "operationMetadataId": "27c9fcd4-04ee-4bc2-b0d4-6660ab78ec87"
              },
              "type": "Compose",
              "inputs": "@variables('arrayApps')"
            }
          },
          "runAfter": {
            "Scope_Get_Connections_Array": [
              "Succeeded"
            ]
          },
          "metadata": {
            "operationMetadataId": "02e85d4c-ebf2-4846-92f6-b8db30d527a8"
          },
          "type": "Scope"
        }
      }
    },
    "templateName": ""
  },
  "schemaVersion": "1.0.0.0"
}